0:00,Minuit,Minuit pile,Douze heures du soir,Minuit pile,ZÃ©ro heures
0:01,Minuit une,Minuit une minute
0:02,Minuit deux,Minuit deux minutes
0:03,Minuit trois,Minuit trois minutes
0:04,Minuit quatre,Minuit quatre minutes
0:05,Minuit cinq,Minuit cinq minutes
0:06,Minuit six,Minuit six minutes
0:07,Minuit sept,Minuit sept minutes
0:08,Minuit huit,Minuit huit minutes
0:09,Minuit neuf,Minuit neuf minutes
0:10,Minuit dix,Minuit dix minutes
0:11,Minuit onze ,Minuit onze minutes
0:12,Minuit douze ,Minuit douze minutes
0:13,Minuit treize ,Minuit treize minutes
0:14,Minuit quatorze ,Minuit quatorze minutes
0:15,Minuit quinze ,Minuit quinze minutes,Minuit et quart
0:16,Minuit seize ,Minuit seize minutes
0:17,Minuit dix-sept ,Minuit dix-sept minutes
0:18,Minuit dix-huit ,Minuit dix-huit minutes
0:19,Minuit dix-neuf ,Minuit dix-neuf minutes
0:20,Minuit vingt ,Minuit vingt minutes
0:21,Minuit vingt et une,Minuit vingt et une minutes
0:22,Minuit vingt deux,Minuit vingt deux minutes
0:23,Minuit vingt trois,Minuit vingt trois minutes
0:24,Minuit vingt quatre,Minuit vingt quatre minutes
0:25,Minuit vingt cinq,Minuit vingt cinq minutes
0:26,Minuit vingt six,Minuit vingt six minutes
0:27,Minuit vingt sept,Minuit vingt sept minutes
0:28,Minuit vingt huit,Minuit vingt huit minutes
0:29,Minuit vingt neuf,Minuit vingt neuf minutes
0:30,Minuit trente ,Minuit trente minutes,Minuit et demie
0:31,Minuit trente et une,Minuit trente et une minutes
0:32,Minuit trente deux,Minuit trente deux minutes
0:33,Minuit trente trois,Minuit trente trois minutes
0:34,Minuit trente quatre,Minuit trente quatre minutes
0:35,Minuit trente cinq,Minuit trente cinq minutes,Une heure moins vingt-cinq
0:36,Minuit trente six,Minuit trente six minutes
0:37,Minuit trente sept,Minuit trente sept minutes
0:38,Minuit trente huit,Minuit trente huit minutes
0:39,Minuit trente neuf,Minuit trente neuf minutes
0:40,Minuit quarante ,Minuit quarante minutes,Une heure moins vingt
0:41,Minuit quarante et une,Minuit quarante et une minutes
0:42,Minuit quarante deux,Minuit quarante deux minutes
0:43,Minuit quarante trois,Minuit quarante trois minutes
0:44,Minuit quarante quatre,Minuit quarante quatre minutes
0:45,Minuit quarante cinq,Minuit quarante cinq minutes,Une heure moins le quart
0:46,Minuit quarante six,Minuit quarante six minutes
0:47,Minuit quarante sept,Minuit quarante sept minutes
0:48,Minuit quarante huit,Minuit quarante huit minutes
0:49,Minuit quarante neuf,Minuit quarante neuf minutes
0:50,Minuit cinquante ,Minuit cinquante minutes,Une heure moins dix
0:51,Minuit cinquante et une,Minuit cinquante et une minutes,Une heure moins neuf
0:52,Minuit cinquante deux,Minuit cinquante deux minutes,Une heure moins huit
0:53,Minuit cinquante trois,Minuit cinquante trois minutes,Une heure moins sept
0:54,Minuit cinquante quatre,Minuit cinquante quatre minutes,Une heure moins six
0:55,Minuit cinquante cinq,Minuit cinquante cinq minutes,Une heure moins cinq
0:56,Minuit cinquante six,Minuit cinquante six minutes,Une heure moins quatre
0:57,Minuit cinquante sept,Minuit cinquante sept minutes,Une heure moins trois
0:58,Minuit cinquante huit,Minuit cinquante huit minutes,Une heure moins deux
0:59,Minuit cinquante neuf,Minuit cinquante neuf minutes,Une heure moins une
1:00,Une heure  ,Une heure,Une heure pile,Une heure du matin
1:01,Une heure une ,Une heure une minute
1:02,Une heure deux ,Une heure deux minutes
1:03,Une heure trois ,Une heure trois minutes
1:04,Une heure quatre ,Une heure quatre minutes
1:05,Une heure cinq ,Une heure cinq minutes
1:06,Une heure six ,Une heure six minutes
1:07,Une heure sept ,Une heure sept minutes
1:08,Une heure huit ,Une heure huit minutes
1:09,Une heure neuf ,Une heure neuf minutes
1:10,Une heure dix ,Une heure dix minutes
1:11,Une heure onze ,Une heure onze minutes
1:12,Une heure douze ,Une heure douze minutes
1:13,Une heure treize ,Une heure treize minutes
1:14,Une heure quatorze ,Une heure quatorze minutes
1:15,Une heure quinze ,Une heure quinze minutes,Une heure et quart
1:16,Une heure seize ,Une heure seize minutes
1:17,Une heure dix-sept ,Une heure dix-sept minutes
1:18,Une heure dix-huit ,Une heure dix-huit minutes
1:19,Une heure dix-neuf ,Une heure dix-neuf minutes
1:20,Une heure vingt ,Une heure vingt minutes
1:21,Une heure vingt et une,Une heure vingt et une minutes
1:22,Une heure vingt deux,Une heure vingt deux minutes
1:23,Une heure vingt trois,Une heure vingt trois minutes
1:24,Une heure vingt quatre,Une heure vingt quatre minutes
1:25,Une heure vingt cinq,Une heure vingt cinq minutes
1:26,Une heure vingt six,Une heure vingt six minutes
1:27,Une heure vingt sept,Une heure vingt sept minutes
1:28,Une heure vingt huit,Une heure vingt huit minutes
1:29,Une heure vingt neuf,Une heure vingt neuf minutes
1:30,Une heure trente ,Une heure trente minutes,Une heure et demie
1:31,Une heure trente et une,Une heure trente et une minutes
1:32,Une heure trente deux,Une heure trente deux minutes
1:33,Une heure trente trois,Une heure trente trois minutes
1:34,Une heure trente quatre,Une heure trente quatre minutes
1:35,Une heure trente cinq,Une heure trente cinq minutes,Deux heures moins vingt-cinq
1:36,Une heure trente six,Une heure trente six minutes
1:37,Une heure trente sept,Une heure trente sept minutes
1:38,Une heure trente huit,Une heure trente huit minutes
1:39,Une heure trente neuf,Une heure trente neuf minutes
1:40,Une heure quarante ,Une heure quarante minutes,Deux heures moins vingt
1:41,Une heure quarante et une,Une heure quarante et une minutes
1:42,Une heure quarante deux,Une heure quarante deux minutes
1:43,Une heure quarante trois,Une heure quarante trois minutes
1:44,Une heure quarante quatre,Une heure quarante quatre minutes
1:45,Une heure quarante cinq,Une heure quarante cinq minutes,Deux heures moins le quart
1:46,Une heure quarante six,Une heure quarante six minutes
1:47,Une heure quarante sept,Une heure quarante sept minutes
1:48,Une heure quarante huit,Une heure quarante huit minutes
1:49,Une heure quarante neuf,Une heure quarante neuf minutes
1:50,Une heure cinquante ,Une heure cinquante minutes,Deux heures moins dix
1:51,Une heure cinquante et une,Une heure cinquante et une minutes,Deux heures moins neuf
1:52,Une heure cinquante deux,Une heure cinquante deux minutes,Deux heures moins huit
1:53,Une heure cinquante trois,Une heure cinquante trois minutes,Deux heures moins sept
1:54,Une heure cinquante quatre,Une heure cinquante quatre minutes,Deux heures moins six
1:55,Une heure cinquante cinq,Une heure cinquante cinq minutes,Deux heures moins cinq
1:56,Une heure cinquante six,Une heure cinquante six minutes,Deux heures moins quatre
1:57,Une heure cinquante sept,Une heure cinquante sept minutes,Deux heures moins trois
1:58,Une heure cinquante huit,Une heure cinquante huit minutes,Deux heures moins deux
1:59,Une heure cinquante neuf,Une heure cinquante neuf minutes,Deux heures moins une
2:00,Deux heures  ,Deux heures,Deux heures pile,Deux heures du matin
2:01,Deux heures une ,Deux heures une minute
2:02,Deux heures deux ,Deux heures deux minutes
2:03,Deux heures trois ,Deux heures trois minutes
2:04,Deux heures quatre ,Deux heures quatre minutes
2:05,Deux heures cinq ,Deux heures cinq minutes
2:06,Deux heures six ,Deux heures six minutes
2:07,Deux heures sept ,Deux heures sept minutes
2:08,Deux heures huit ,Deux heures huit minutes
2:09,Deux heures neuf ,Deux heures neuf minutes
2:10,Deux heures dix ,Deux heures dix minutes
2:11,Deux heures onze ,Deux heures onze minutes
2:12,Deux heures douze ,Deux heures douze minutes
2:13,Deux heures treize ,Deux heures treize minutes
2:14,Deux heures quatorze ,Deux heures quatorze minutes
2:15,Deux heures quinze ,Deux heures quinze minutes,Deux heures et quart
2:16,Deux heures seize ,Deux heures seize minutes
2:17,Deux heures dix-sept ,Deux heures dix-sept minutes
2:18,Deux heures dix-huit ,Deux heures dix-huit minutes
2:19,Deux heures dix-neuf ,Deux heures dix-neuf minutes
2:20,Deux heures vingt ,Deux heures vingt minutes
2:21,Deux heures vingt et une,Deux heures vingt et une minutes
2:22,Deux heures vingt deux,Deux heures vingt deux minutes
2:23,Deux heures vingt trois,Deux heures vingt trois minutes
2:24,Deux heures vingt quatre,Deux heures vingt quatre minutes
2:25,Deux heures vingt cinq,Deux heures vingt cinq minutes
2:26,Deux heures vingt six,Deux heures vingt six minutes
2:27,Deux heures vingt sept,Deux heures vingt sept minutes
2:28,Deux heures vingt huit,Deux heures vingt huit minutes
2:29,Deux heures vingt neuf,Deux heures vingt neuf minutes
2:30,Deux heures trente ,Deux heures trente minutes,Deux heures et demie
2:31,Deux heures trente et une,Deux heures trente et une minutes
2:32,Deux heures trente deux,Deux heures trente deux minutes
2:33,Deux heures trente trois,Deux heures trente trois minutes
2:34,Deux heures trente quatre,Deux heures trente quatre minutes
2:35,Deux heures trente cinq,Deux heures trente cinq minutes,Trois heures moins vingt-cinq
2:36,Deux heures trente six,Deux heures trente six minutes
2:37,Deux heures trente sept,Deux heures trente sept minutes
2:38,Deux heures trente huit,Deux heures trente huit minutes
2:39,Deux heures trente neuf,Deux heures trente neuf minutes
2:40,Deux heures quarante ,Deux heures quarante minutes,Trois heures moins vingt
2:41,Deux heures quarante et une,Deux heures quarante et une minutes
2:42,Deux heures quarante deux,Deux heures quarante deux minutes
2:43,Deux heures quarante trois,Deux heures quarante trois minutes
2:44,Deux heures quarante quatre,Deux heures quarante quatre minutes
2:45,Deux heures quarante cinq,Deux heures quarante cinq minutes,Trois heures moins le quart
2:46,Deux heures quarante six,Deux heures quarante six minutes
2:47,Deux heures quarante sept,Deux heures quarante sept minutes
2:48,Deux heures quarante huit,Deux heures quarante huit minutes
2:49,Deux heures quarante neuf,Deux heures quarante neuf minutes
2:50,Deux heures cinquante ,Deux heures cinquante minutes,Trois heures moins dix
2:51,Deux heures cinquante et une,Deux heures cinquante et une minutes,Trois heures moins neuf
2:52,Deux heures cinquante deux,Deux heures cinquante deux minutes,Trois heures moins huit
2:53,Deux heures cinquante trois,Deux heures cinquante trois minutes,Trois heures moins sept
2:54,Deux heures cinquante quatre,Deux heures cinquante quatre minutes,Trois heures moins six
2:55,Deux heures cinquante cinq,Deux heures cinquante cinq minutes,Trois heures moins cinq
2:56,Deux heures cinquante six,Deux heures cinquante six minutes,Trois heures moins quatre
2:57,Deux heures cinquante sept,Deux heures cinquante sept minutes,Trois heures moins trois
2:58,Deux heures cinquante huit,Deux heures cinquante huit minutes,Trois heures moins deux
2:59,Deux heures cinquante neuf,Deux heures cinquante neuf minutes,Trois heures moins une
3:00,Trois heures  ,Trois heures,Trois heures pile,Trois heures du matin
3:01,Trois heures une ,Trois heures une minute
3:02,Trois heures deux ,Trois heures deux minutes
3:03,Trois heures trois ,Trois heures trois minutes
3:04,Trois heures quatre ,Trois heures quatre minutes
3:05,Trois heures cinq ,Trois heures cinq minutes
3:06,Trois heures six ,Trois heures six minutes
3:07,Trois heures sept ,Trois heures sept minutes
3:08,Trois heures huit ,Trois heures huit minutes
3:09,Trois heures neuf ,Trois heures neuf minutes
3:10,Trois heures dix ,Trois heures dix minutes
3:11,Trois heures onze ,Trois heures onze minutes
3:12,Trois heures douze ,Trois heures douze minutes
3:13,Trois heures treize ,Trois heures treize minutes
3:14,Trois heures quatorze ,Trois heures quatorze minutes
3:15,Trois heures quinze ,Trois heures quinze minutes,Trois heures et quart
3:16,Trois heures seize ,Trois heures seize minutes
3:17,Trois heures dix-sept ,Trois heures dix-sept minutes
3:18,Trois heures dix-huit ,Trois heures dix-huit minutes
3:19,Trois heures dix-neuf ,Trois heures dix-neuf minutes
3:20,Trois heures vingt ,Trois heures vingt minutes
3:21,Trois heures vingt et une,Trois heures vingt et une minutes
3:22,Trois heures vingt deux,Trois heures vingt deux minutes
3:23,Trois heures vingt trois,Trois heures vingt trois minutes
3:24,Trois heures vingt quatre,Trois heures vingt quatre minutes
3:25,Trois heures vingt cinq,Trois heures vingt cinq minutes
3:26,Trois heures vingt six,Trois heures vingt six minutes
3:27,Trois heures vingt sept,Trois heures vingt sept minutes
3:28,Trois heures vingt huit,Trois heures vingt huit minutes
3:29,Trois heures vingt neuf,Trois heures vingt neuf minutes
3:30,Trois heures trente ,Trois heures trente minutes,Trois heures et demie
3:31,Trois heures trente et une,Trois heures trente et une minutes
3:32,Trois heures trente deux,Trois heures trente deux minutes
3:33,Trois heures trente trois,Trois heures trente trois minutes
3:34,Trois heures trente quatre,Trois heures trente quatre minutes
3:35,Trois heures trente cinq,Trois heures trente cinq minutes,Quatre heures moins vingt-cinq
3:36,Trois heures trente six,Trois heures trente six minutes
3:37,Trois heures trente sept,Trois heures trente sept minutes
3:38,Trois heures trente huit,Trois heures trente huit minutes
3:39,Trois heures trente neuf,Trois heures trente neuf minutes
3:40,Trois heures quarante ,Trois heures quarante minutes,Quatre heures moins vingt
3:41,Trois heures quarante et une,Trois heures quarante et une minutes
3:42,Trois heures quarante deux,Trois heures quarante deux minutes
3:43,Trois heures quarante trois,Trois heures quarante trois minutes
3:44,Trois heures quarante quatre,Trois heures quarante quatre minutes
3:45,Trois heures quarante cinq,Trois heures quarante cinq minutes,Quatre heures moins le quart
3:46,Trois heures quarante six,Trois heures quarante six minutes
3:47,Trois heures quarante sept,Trois heures quarante sept minutes
3:48,Trois heures quarante huit,Trois heures quarante huit minutes
3:49,Trois heures quarante neuf,Trois heures quarante neuf minutes
3:50,Trois heures cinquante ,Trois heures cinquante minutes,Quatre heures moins dix
3:51,Trois heures cinquante et une,Trois heures cinquante et une minutes,Quatre heures moins neuf
3:52,Trois heures cinquante deux,Trois heures cinquante deux minutes,Quatre heures moins huit
3:53,Trois heures cinquante trois,Trois heures cinquante trois minutes,Quatre heures moins sept
3:54,Trois heures cinquante quatre,Trois heures cinquante quatre minutes,Quatre heures moins six
3:55,Trois heures cinquante cinq,Trois heures cinquante cinq minutes,Quatre heures moins cinq
3:56,Trois heures cinquante six,Trois heures cinquante six minutes,Quatre heures moins quatre
3:57,Trois heures cinquante sept,Trois heures cinquante sept minutes,Quatre heures moins trois
3:58,Trois heures cinquante huit,Trois heures cinquante huit minutes,Quatre heures moins deux
3:59,Trois heures cinquante neuf,Trois heures cinquante neuf minutes,Quatre heures moins une
4:00,Quatre heures  ,Quatre heures,Quatre heures pile,Quatre heures du matin
4:01,Quatre heures une ,Quatre heures une minute
4:02,Quatre heures deux ,Quatre heures deux minutes
4:03,Quatre heures trois ,Quatre heures trois minutes
4:04,Quatre heures quatre ,Quatre heures quatre minutes
4:05,Quatre heures cinq ,Quatre heures cinq minutes
4:06,Quatre heures six ,Quatre heures six minutes
4:07,Quatre heures sept ,Quatre heures sept minutes
4:08,Quatre heures huit ,Quatre heures huit minutes
4:09,Quatre heures neuf ,Quatre heures neuf minutes
4:10,Quatre heures dix ,Quatre heures dix minutes
4:11,Quatre heures onze ,Quatre heures onze minutes
4:12,Quatre heures douze ,Quatre heures douze minutes
4:13,Quatre heures treize ,Quatre heures treize minutes
4:14,Quatre heures quatorze ,Quatre heures quatorze minutes
4:15,Quatre heures quinze ,Quatre heures quinze minutes,Quatre heures et quart
4:16,Quatre heures seize ,Quatre heures seize minutes
4:17,Quatre heures dix-sept ,Quatre heures dix-sept minutes
4:18,Quatre heures dix-huit ,Quatre heures dix-huit minutes
4:19,Quatre heures dix-neuf ,Quatre heures dix-neuf minutes
4:20,Quatre heures vingt ,Quatre heures vingt minutes
4:21,Quatre heures vingt et une,Quatre heures vingt et une minutes
4:22,Quatre heures vingt deux,Quatre heures vingt deux minutes
4:23,Quatre heures vingt trois,Quatre heures vingt trois minutes
4:24,Quatre heures vingt quatre,Quatre heures vingt quatre minutes
4:25,Quatre heures vingt cinq,Quatre heures vingt cinq minutes
4:26,Quatre heures vingt six,Quatre heures vingt six minutes
4:27,Quatre heures vingt sept,Quatre heures vingt sept minutes
4:28,Quatre heures vingt huit,Quatre heures vingt huit minutes
4:29,Quatre heures vingt neuf,Quatre heures vingt neuf minutes
4:30,Quatre heures trente ,Quatre heures trente minutes,Quatre heures et demie
4:31,Quatre heures trente et une,Quatre heures trente et une minutes
4:32,Quatre heures trente deux,Quatre heures trente deux minutes
4:33,Quatre heures trente trois,Quatre heures trente trois minutes
4:34,Quatre heures trente quatre,Quatre heures trente quatre minutes
4:35,Quatre heures trente cinq,Quatre heures trente cinq minutes,Cinq heures moins vingt-cinq
4:36,Quatre heures trente six,Quatre heures trente six minutes
4:37,Quatre heures trente sept,Quatre heures trente sept minutes
4:38,Quatre heures trente huit,Quatre heures trente huit minutes
4:39,Quatre heures trente neuf,Quatre heures trente neuf minutes
4:40,Quatre heures quarante ,Quatre heures quarante minutes,Cinq heures moins vingt
4:41,Quatre heures quarante et une,Quatre heures quarante et une minutes
4:42,Quatre heures quarante deux,Quatre heures quarante deux minutes
4:43,Quatre heures quarante trois,Quatre heures quarante trois minutes
4:44,Quatre heures quarante quatre,Quatre heures quarante quatre minutes
4:45,Quatre heures quarante cinq,Quatre heures quarante cinq minutes,Cinq heures moins le quart
4:46,Quatre heures quarante six,Quatre heures quarante six minutes
4:47,Quatre heures quarante sept,Quatre heures quarante sept minutes
4:48,Quatre heures quarante huit,Quatre heures quarante huit minutes
4:49,Quatre heures quarante neuf,Quatre heures quarante neuf minutes
4:50,Quatre heures cinquante ,Quatre heures cinquante minutes,Cinq heures moins dix
4:51,Quatre heures cinquante et une,Quatre heures cinquante et une minutes,Cinq heures moins neuf
4:52,Quatre heures cinquante deux,Quatre heures cinquante deux minutes,Cinq heures moins huit
4:53,Quatre heures cinquante trois,Quatre heures cinquante trois minutes,Cinq heures moins sept
4:54,Quatre heures cinquante quatre,Quatre heures cinquante quatre minutes,Cinq heures moins six
4:55,Quatre heures cinquante cinq,Quatre heures cinquante cinq minutes,Cinq heures moins cinq
4:56,Quatre heures cinquante six,Quatre heures cinquante six minutes,Cinq heures moins quatre
4:57,Quatre heures cinquante sept,Quatre heures cinquante sept minutes,Cinq heures moins trois
4:58,Quatre heures cinquante huit,Quatre heures cinquante huit minutes,Cinq heures moins deux
4:59,Quatre heures cinquante neuf,Quatre heures cinquante neuf minutes,Cinq heures moins une
5:00,Cinq heures  ,Cinq heures,Cinq heures pile,Cinq heures du matin
5:01,Cinq heures une ,Cinq heures une minute
5:02,Cinq heures deux ,Cinq heures deux minutes
5:03,Cinq heures trois ,Cinq heures trois minutes
5:04,Cinq heures quatre ,Cinq heures quatre minutes
5:05,Cinq heures cinq ,Cinq heures cinq minutes
5:06,Cinq heures six ,Cinq heures six minutes
5:07,Cinq heures sept ,Cinq heures sept minutes
5:08,Cinq heures huit ,Cinq heures huit minutes
5:09,Cinq heures neuf ,Cinq heures neuf minutes
5:10,Cinq heures dix ,Cinq heures dix minutes
5:11,Cinq heures onze ,Cinq heures onze minutes
5:12,Cinq heures douze ,Cinq heures douze minutes
5:13,Cinq heures treize ,Cinq heures treize minutes
5:14,Cinq heures quatorze ,Cinq heures quatorze minutes
5:15,Cinq heures quinze ,Cinq heures quinze minutes,Cinq heures et quart
5:16,Cinq heures seize ,Cinq heures seize minutes
5:17,Cinq heures dix-sept ,Cinq heures dix-sept minutes
5:18,Cinq heures dix-huit ,Cinq heures dix-huit minutes
5:19,Cinq heures dix-neuf ,Cinq heures dix-neuf minutes
5:20,Cinq heures vingt ,Cinq heures vingt minutes
5:21,Cinq heures vingt et une,Cinq heures vingt et une minutes
5:22,Cinq heures vingt deux,Cinq heures vingt deux minutes
5:23,Cinq heures vingt trois,Cinq heures vingt trois minutes
5:24,Cinq heures vingt quatre,Cinq heures vingt quatre minutes
5:25,Cinq heures vingt cinq,Cinq heures vingt cinq minutes
5:26,Cinq heures vingt six,Cinq heures vingt six minutes
5:27,Cinq heures vingt sept,Cinq heures vingt sept minutes
5:28,Cinq heures vingt huit,Cinq heures vingt huit minutes
5:29,Cinq heures vingt neuf,Cinq heures vingt neuf minutes
5:30,Cinq heures trente ,Cinq heures trente minutes,Cinq heures et demie
5:31,Cinq heures trente et une,Cinq heures trente et une minutes
5:32,Cinq heures trente deux,Cinq heures trente deux minutes
5:33,Cinq heures trente trois,Cinq heures trente trois minutes
5:34,Cinq heures trente quatre,Cinq heures trente quatre minutes
5:35,Cinq heures trente cinq,Cinq heures trente cinq minutes,Six heures moins vingt-cinq
5:36,Cinq heures trente six,Cinq heures trente six minutes
5:37,Cinq heures trente sept,Cinq heures trente sept minutes
5:38,Cinq heures trente huit,Cinq heures trente huit minutes
5:39,Cinq heures trente neuf,Cinq heures trente neuf minutes
5:40,Cinq heures quarante ,Cinq heures quarante minutes,Six heures moins vingt
5:41,Cinq heures quarante et une,Cinq heures quarante et une minutes
5:42,Cinq heures quarante deux,Cinq heures quarante deux minutes
5:43,Cinq heures quarante trois,Cinq heures quarante trois minutes
5:44,Cinq heures quarante quatre,Cinq heures quarante quatre minutes
5:45,Cinq heures quarante cinq,Cinq heures quarante cinq minutes,Six heures moins le quart
5:46,Cinq heures quarante six,Cinq heures quarante six minutes
5:47,Cinq heures quarante sept,Cinq heures quarante sept minutes
5:48,Cinq heures quarante huit,Cinq heures quarante huit minutes
5:49,Cinq heures quarante neuf,Cinq heures quarante neuf minutes
5:50,Cinq heures cinquante ,Cinq heures cinquante minutes,Six heures moins dix
5:51,Cinq heures cinquante et une,Cinq heures cinquante et une minutes,Six heures moins neuf
5:52,Cinq heures cinquante deux,Cinq heures cinquante deux minutes,Six heures moins huit
5:53,Cinq heures cinquante trois,Cinq heures cinquante trois minutes,Six heures moins sept
5:54,Cinq heures cinquante quatre,Cinq heures cinquante quatre minutes,Six heures moins six
5:55,Cinq heures cinquante cinq,Cinq heures cinquante cinq minutes,Six heures moins cinq
5:56,Cinq heures cinquante six,Cinq heures cinquante six minutes,Six heures moins quatre
5:57,Cinq heures cinquante sept,Cinq heures cinquante sept minutes,Six heures moins trois
5:58,Cinq heures cinquante huit,Cinq heures cinquante huit minutes,Six heures moins deux
5:59,Cinq heures cinquante neuf,Cinq heures cinquante neuf minutes,Six heures moins une
6:00,Six heures  ,Six heures,Six heures pile,Six heures du matin
6:01,Six heures une ,Six heures une minute
6:02,Six heures deux ,Six heures deux minutes
6:03,Six heures trois ,Six heures trois minutes
6:04,Six heures quatre ,Six heures quatre minutes
6:05,Six heures cinq ,Six heures cinq minutes
6:06,Six heures six ,Six heures six minutes
6:07,Six heures sept ,Six heures sept minutes
6:08,Six heures huit ,Six heures huit minutes
6:09,Six heures neuf ,Six heures neuf minutes
6:10,Six heures dix ,Six heures dix minutes
6:11,Six heures onze ,Six heures onze minutes
6:12,Six heures douze ,Six heures douze minutes
6:13,Six heures treize ,Six heures treize minutes
6:14,Six heures quatorze ,Six heures quatorze minutes
6:15,Six heures quinze ,Six heures quinze minutes,Six heures et quart
6:16,Six heures seize ,Six heures seize minutes
6:17,Six heures dix-sept ,Six heures dix-sept minutes
6:18,Six heures dix-huit ,Six heures dix-huit minutes
6:19,Six heures dix-neuf ,Six heures dix-neuf minutes
6:20,Six heures vingt ,Six heures vingt minutes
6:21,Six heures vingt et une,Six heures vingt et une minutes
6:22,Six heures vingt deux,Six heures vingt deux minutes
6:23,Six heures vingt trois,Six heures vingt trois minutes
6:24,Six heures vingt quatre,Six heures vingt quatre minutes
6:25,Six heures vingt cinq,Six heures vingt cinq minutes
6:26,Six heures vingt six,Six heures vingt six minutes
6:27,Six heures vingt sept,Six heures vingt sept minutes
6:28,Six heures vingt huit,Six heures vingt huit minutes
6:29,Six heures vingt neuf,Six heures vingt neuf minutes
6:30,Six heures trente ,Six heures trente minutes,Six heures et demie
6:31,Six heures trente et une,Six heures trente et une minutes
6:32,Six heures trente deux,Six heures trente deux minutes
6:33,Six heures trente trois,Six heures trente trois minutes
6:34,Six heures trente quatre,Six heures trente quatre minutes
6:35,Six heures trente cinq,Six heures trente cinq minutes,Sept heures moins vingt-cinq
6:36,Six heures trente six,Six heures trente six minutes
6:37,Six heures trente sept,Six heures trente sept minutes
6:38,Six heures trente huit,Six heures trente huit minutes
6:39,Six heures trente neuf,Six heures trente neuf minutes
6:40,Six heures quarante ,Six heures quarante minutes,Sept heures moins vingt
6:41,Six heures quarante et une,Six heures quarante et une minutes
6:42,Six heures quarante deux,Six heures quarante deux minutes
6:43,Six heures quarante trois,Six heures quarante trois minutes
6:44,Six heures quarante quatre,Six heures quarante quatre minutes
6:45,Six heures quarante cinq,Six heures quarante cinq minutes,Sept heures moins le quart
6:46,Six heures quarante six,Six heures quarante six minutes
6:47,Six heures quarante sept,Six heures quarante sept minutes
6:48,Six heures quarante huit,Six heures quarante huit minutes
6:49,Six heures quarante neuf,Six heures quarante neuf minutes
6:50,Six heures cinquante ,Six heures cinquante minutes,Sept heures moins dix
6:51,Six heures cinquante et une,Six heures cinquante et une minutes,Sept heures moins neuf
6:52,Six heures cinquante deux,Six heures cinquante deux minutes,Sept heures moins huit
6:53,Six heures cinquante trois,Six heures cinquante trois minutes,Sept heures moins sept
6:54,Six heures cinquante quatre,Six heures cinquante quatre minutes,Sept heures moins six
6:55,Six heures cinquante cinq,Six heures cinquante cinq minutes,Sept heures moins cinq
6:56,Six heures cinquante six,Six heures cinquante six minutes,Sept heures moins quatre
6:57,Six heures cinquante sept,Six heures cinquante sept minutes,Sept heures moins trois
6:58,Six heures cinquante huit,Six heures cinquante huit minutes,Sept heures moins deux
6:59,Six heures cinquante neuf,Six heures cinquante neuf minutes,Sept heures moins une
7:00,Sept heures  ,Sept heures,Sept heures pile,Sept heures du matin
7:01,Sept heures une ,Sept heures une minute
7:02,Sept heures deux ,Sept heures deux minutes
7:03,Sept heures trois ,Sept heures trois minutes
7:04,Sept heures quatre ,Sept heures quatre minutes
7:05,Sept heures cinq ,Sept heures cinq minutes
7:06,Sept heures six ,Sept heures six minutes
7:07,Sept heures sept ,Sept heures sept minutes
7:08,Sept heures huit ,Sept heures huit minutes
7:09,Sept heures neuf ,Sept heures neuf minutes
7:10,Sept heures dix ,Sept heures dix minutes
7:11,Sept heures onze ,Sept heures onze minutes
7:12,Sept heures douze ,Sept heures douze minutes
7:13,Sept heures treize ,Sept heures treize minutes
7:14,Sept heures quatorze ,Sept heures quatorze minutes
7:15,Sept heures quinze ,Sept heures quinze minutes,Sept heures et quart
7:16,Sept heures seize ,Sept heures seize minutes
7:17,Sept heures dix-sept ,Sept heures dix-sept minutes
7:18,Sept heures dix-huit ,Sept heures dix-huit minutes
7:19,Sept heures dix-neuf ,Sept heures dix-neuf minutes
7:20,Sept heures vingt ,Sept heures vingt minutes
7:21,Sept heures vingt et une,Sept heures vingt et une minutes
7:22,Sept heures vingt deux,Sept heures vingt deux minutes
7:23,Sept heures vingt trois,Sept heures vingt trois minutes
7:24,Sept heures vingt quatre,Sept heures vingt quatre minutes
7:25,Sept heures vingt cinq,Sept heures vingt cinq minutes
7:26,Sept heures vingt six,Sept heures vingt six minutes
7:27,Sept heures vingt sept,Sept heures vingt sept minutes
7:28,Sept heures vingt huit,Sept heures vingt huit minutes
7:29,Sept heures vingt neuf,Sept heures vingt neuf minutes
7:30,Sept heures trente ,Sept heures trente minutes,Sept heures et demie
7:31,Sept heures trente et une,Sept heures trente et une minutes
7:32,Sept heures trente deux,Sept heures trente deux minutes
7:33,Sept heures trente trois,Sept heures trente trois minutes
7:34,Sept heures trente quatre,Sept heures trente quatre minutes
7:35,Sept heures trente cinq,Sept heures trente cinq minutes,Huit heures moins vingt-cinq
7:36,Sept heures trente six,Sept heures trente six minutes
7:37,Sept heures trente sept,Sept heures trente sept minutes
7:38,Sept heures trente huit,Sept heures trente huit minutes
7:39,Sept heures trente neuf,Sept heures trente neuf minutes
7:40,Sept heures quarante ,Sept heures quarante minutes,Huit heures moins vingt
7:41,Sept heures quarante et une,Sept heures quarante et une minutes
7:42,Sept heures quarante deux,Sept heures quarante deux minutes
7:43,Sept heures quarante trois,Sept heures quarante trois minutes
7:44,Sept heures quarante quatre,Sept heures quarante quatre minutes
7:45,Sept heures quarante cinq,Sept heures quarante cinq minutes,Huit heures moins le quart
7:46,Sept heures quarante six,Sept heures quarante six minutes
7:47,Sept heures quarante sept,Sept heures quarante sept minutes
7:48,Sept heures quarante huit,Sept heures quarante huit minutes
7:49,Sept heures quarante neuf,Sept heures quarante neuf minutes
7:50,Sept heures cinquante ,Sept heures cinquante minutes,Huit heures moins dix
7:51,Sept heures cinquante et une,Sept heures cinquante et une minutes,Huit heures moins neuf
7:52,Sept heures cinquante deux,Sept heures cinquante deux minutes,Huit heures moins huit
7:53,Sept heures cinquante trois,Sept heures cinquante trois minutes,Huit heures moins sept
7:54,Sept heures cinquante quatre,Sept heures cinquante quatre minutes,Huit heures moins six
7:55,Sept heures cinquante cinq,Sept heures cinquante cinq minutes,Huit heures moins cinq
7:56,Sept heures cinquante six,Sept heures cinquante six minutes,Huit heures moins quatre
7:57,Sept heures cinquante sept,Sept heures cinquante sept minutes,Huit heures moins trois
7:58,Sept heures cinquante huit,Sept heures cinquante huit minutes,Huit heures moins deux
7:59,Sept heures cinquante neuf,Sept heures cinquante neuf minutes,Huit heures moins une
8:00,Huit heures  ,Huit heures,Huit heures pile,Huit heures du matin
8:01,Huit heures une ,Huit heures une minute
8:02,Huit heures deux ,Huit heures deux minutes
8:03,Huit heures trois ,Huit heures trois minutes
8:04,Huit heures quatre ,Huit heures quatre minutes
8:05,Huit heures cinq ,Huit heures cinq minutes
8:06,Huit heures six ,Huit heures six minutes
8:07,Huit heures sept ,Huit heures sept minutes
8:08,Huit heures huit ,Huit heures huit minutes
8:09,Huit heures neuf ,Huit heures neuf minutes
8:10,Huit heures dix ,Huit heures dix minutes
8:11,Huit heures onze ,Huit heures onze minutes
8:12,Huit heures douze ,Huit heures douze minutes
8:13,Huit heures treize ,Huit heures treize minutes
8:14,Huit heures quatorze ,Huit heures quatorze minutes
8:15,Huit heures quinze ,Huit heures quinze minutes,Huit heures et quart
8:16,Huit heures seize ,Huit heures seize minutes
8:17,Huit heures dix-sept ,Huit heures dix-sept minutes
8:18,Huit heures dix-huit ,Huit heures dix-huit minutes
8:19,Huit heures dix-neuf ,Huit heures dix-neuf minutes
8:20,Huit heures vingt ,Huit heures vingt minutes
8:21,Huit heures vingt et une,Huit heures vingt et une minutes
8:22,Huit heures vingt deux,Huit heures vingt deux minutes
8:23,Huit heures vingt trois,Huit heures vingt trois minutes
8:24,Huit heures vingt quatre,Huit heures vingt quatre minutes
8:25,Huit heures vingt cinq,Huit heures vingt cinq minutes
8:26,Huit heures vingt six,Huit heures vingt six minutes
8:27,Huit heures vingt sept,Huit heures vingt sept minutes
8:28,Huit heures vingt huit,Huit heures vingt huit minutes
8:29,Huit heures vingt neuf,Huit heures vingt neuf minutes
8:30,Huit heures trente ,Huit heures trente minutes,Huit heures et demie
8:31,Huit heures trente et une,Huit heures trente et une minutes
8:32,Huit heures trente deux,Huit heures trente deux minutes
8:33,Huit heures trente trois,Huit heures trente trois minutes
8:34,Huit heures trente quatre,Huit heures trente quatre minutes
8:35,Huit heures trente cinq,Huit heures trente cinq minutes,Neuf heures moins vingt-cinq
8:36,Huit heures trente six,Huit heures trente six minutes
8:37,Huit heures trente sept,Huit heures trente sept minutes
8:38,Huit heures trente huit,Huit heures trente huit minutes
8:39,Huit heures trente neuf,Huit heures trente neuf minutes
8:40,Huit heures quarante ,Huit heures quarante minutes,Neuf heures moins vingt
8:41,Huit heures quarante et une,Huit heures quarante et une minutes
8:42,Huit heures quarante deux,Huit heures quarante deux minutes
8:43,Huit heures quarante trois,Huit heures quarante trois minutes
8:44,Huit heures quarante quatre,Huit heures quarante quatre minutes
8:45,Huit heures quarante cinq,Huit heures quarante cinq minutes,Neuf heures moins le quart
8:46,Huit heures quarante six,Huit heures quarante six minutes
8:47,Huit heures quarante sept,Huit heures quarante sept minutes
8:48,Huit heures quarante huit,Huit heures quarante huit minutes
8:49,Huit heures quarante neuf,Huit heures quarante neuf minutes
8:50,Huit heures cinquante ,Huit heures cinquante minutes,Neuf heures moins dix
8:51,Huit heures cinquante et une,Huit heures cinquante et une minutes,Neuf heures moins neuf
8:52,Huit heures cinquante deux,Huit heures cinquante deux minutes,Neuf heures moins huit
8:53,Huit heures cinquante trois,Huit heures cinquante trois minutes,Neuf heures moins sept
8:54,Huit heures cinquante quatre,Huit heures cinquante quatre minutes,Neuf heures moins six
8:55,Huit heures cinquante cinq,Huit heures cinquante cinq minutes,Neuf heures moins cinq
8:56,Huit heures cinquante six,Huit heures cinquante six minutes,Neuf heures moins quatre
8:57,Huit heures cinquante sept,Huit heures cinquante sept minutes,Neuf heures moins trois
8:58,Huit heures cinquante huit,Huit heures cinquante huit minutes,Neuf heures moins deux
8:59,Huit heures cinquante neuf,Huit heures cinquante neuf minutes,Neuf heures moins une
9:00,Neuf heures  ,Neuf heures,Neuf heures pile,Neuf heures du matin
9:01,Neuf heures une ,Neuf heures une minute
9:02,Neuf heures deux ,Neuf heures deux minutes
9:03,Neuf heures trois ,Neuf heures trois minutes
9:04,Neuf heures quatre ,Neuf heures quatre minutes
9:05,Neuf heures cinq ,Neuf heures cinq minutes
9:06,Neuf heures six ,Neuf heures six minutes
9:07,Neuf heures sept ,Neuf heures sept minutes
9:08,Neuf heures huit ,Neuf heures huit minutes
9:09,Neuf heures neuf ,Neuf heures neuf minutes
9:10,Neuf heures dix ,Neuf heures dix minutes
9:11,Neuf heures onze ,Neuf heures onze minutes
9:12,Neuf heures douze ,Neuf heures douze minutes
9:13,Neuf heures treize ,Neuf heures treize minutes
9:14,Neuf heures quatorze ,Neuf heures quatorze minutes
9:15,Neuf heures quinze ,Neuf heures quinze minutes,Neuf heures et quart
9:16,Neuf heures seize ,Neuf heures seize minutes
9:17,Neuf heures dix-sept ,Neuf heures dix-sept minutes
9:18,Neuf heures dix-huit ,Neuf heures dix-huit minutes
9:19,Neuf heures dix-neuf ,Neuf heures dix-neuf minutes
9:20,Neuf heures vingt ,Neuf heures vingt minutes
9:21,Neuf heures vingt et une,Neuf heures vingt et une minutes
9:22,Neuf heures vingt deux,Neuf heures vingt deux minutes
9:23,Neuf heures vingt trois,Neuf heures vingt trois minutes
9:24,Neuf heures vingt quatre,Neuf heures vingt quatre minutes
9:25,Neuf heures vingt cinq,Neuf heures vingt cinq minutes
9:26,Neuf heures vingt six,Neuf heures vingt six minutes
9:27,Neuf heures vingt sept,Neuf heures vingt sept minutes
9:28,Neuf heures vingt huit,Neuf heures vingt huit minutes
9:29,Neuf heures vingt neuf,Neuf heures vingt neuf minutes
9:30,Neuf heures trente ,Neuf heures trente minutes,Neuf heures et demie
9:31,Neuf heures trente et une,Neuf heures trente et une minutes
9:32,Neuf heures trente deux,Neuf heures trente deux minutes
9:33,Neuf heures trente trois,Neuf heures trente trois minutes
9:34,Neuf heures trente quatre,Neuf heures trente quatre minutes
9:35,Neuf heures trente cinq,Neuf heures trente cinq minutes,Dix heures moins vingt-cinq
9:36,Neuf heures trente six,Neuf heures trente six minutes
9:37,Neuf heures trente sept,Neuf heures trente sept minutes
9:38,Neuf heures trente huit,Neuf heures trente huit minutes
9:39,Neuf heures trente neuf,Neuf heures trente neuf minutes
9:40,Neuf heures quarante ,Neuf heures quarante minutes,Dix heures moins vingt
9:41,Neuf heures quarante et une,Neuf heures quarante et une minutes
9:42,Neuf heures quarante deux,Neuf heures quarante deux minutes
9:43,Neuf heures quarante trois,Neuf heures quarante trois minutes
9:44,Neuf heures quarante quatre,Neuf heures quarante quatre minutes
9:45,Neuf heures quarante cinq,Neuf heures quarante cinq minutes,Dix heures moins le quart
9:46,Neuf heures quarante six,Neuf heures quarante six minutes
9:47,Neuf heures quarante sept,Neuf heures quarante sept minutes
9:48,Neuf heures quarante huit,Neuf heures quarante huit minutes
9:49,Neuf heures quarante neuf,Neuf heures quarante neuf minutes
9:50,Neuf heures cinquante ,Neuf heures cinquante minutes,Dix heures moins dix
9:51,Neuf heures cinquante et une,Neuf heures cinquante et une minutes,Dix heures moins neuf
9:52,Neuf heures cinquante deux,Neuf heures cinquante deux minutes,Dix heures moins huit
9:53,Neuf heures cinquante trois,Neuf heures cinquante trois minutes,Dix heures moins sept
9:54,Neuf heures cinquante quatre,Neuf heures cinquante quatre minutes,Dix heures moins six
9:55,Neuf heures cinquante cinq,Neuf heures cinquante cinq minutes,Dix heures moins cinq
9:56,Neuf heures cinquante six,Neuf heures cinquante six minutes,Dix heures moins quatre
9:57,Neuf heures cinquante sept,Neuf heures cinquante sept minutes,Dix heures moins trois
9:58,Neuf heures cinquante huit,Neuf heures cinquante huit minutes,Dix heures moins deux
9:59,Neuf heures cinquante neuf,Neuf heures cinquante neuf minutes,Dix heures moins une
10:00,Dix heures  ,Dix heures,Dix heures pile,Dix heures du matin
10:01,Dix heures une ,Dix heures une minute
10:02,Dix heures deux ,Dix heures deux minutes
10:03,Dix heures trois ,Dix heures trois minutes
10:04,Dix heures quatre ,Dix heures quatre minutes
10:05,Dix heures cinq ,Dix heures cinq minutes
10:06,Dix heures six ,Dix heures six minutes
10:07,Dix heures sept ,Dix heures sept minutes
10:08,Dix heures huit ,Dix heures huit minutes
10:09,Dix heures neuf ,Dix heures neuf minutes
10:10,Dix heures dix ,Dix heures dix minutes
10:11,Dix heures onze ,Dix heures onze minutes
10:12,Dix heures douze ,Dix heures douze minutes
10:13,Dix heures treize ,Dix heures treize minutes
10:14,Dix heures quatorze ,Dix heures quatorze minutes
10:15,Dix heures quinze ,Dix heures quinze minutes,Dix heures et quart
10:16,Dix heures seize ,Dix heures seize minutes
10:17,Dix heures dix-sept ,Dix heures dix-sept minutes
10:18,Dix heures dix-huit ,Dix heures dix-huit minutes
10:19,Dix heures dix-neuf ,Dix heures dix-neuf minutes
10:20,Dix heures vingt ,Dix heures vingt minutes
10:21,Dix heures vingt et une,Dix heures vingt et une minutes
10:22,Dix heures vingt deux,Dix heures vingt deux minutes
10:23,Dix heures vingt trois,Dix heures vingt trois minutes
10:24,Dix heures vingt quatre,Dix heures vingt quatre minutes
10:25,Dix heures vingt cinq,Dix heures vingt cinq minutes
10:26,Dix heures vingt six,Dix heures vingt six minutes
10:27,Dix heures vingt sept,Dix heures vingt sept minutes
10:28,Dix heures vingt huit,Dix heures vingt huit minutes
10:29,Dix heures vingt neuf,Dix heures vingt neuf minutes
10:30,Dix heures trente ,Dix heures trente minutes,Dix heures et demie
10:31,Dix heures trente et une,Dix heures trente et une minutes
10:32,Dix heures trente deux,Dix heures trente deux minutes
10:33,Dix heures trente trois,Dix heures trente trois minutes
10:34,Dix heures trente quatre,Dix heures trente quatre minutes
10:35,Dix heures trente cinq,Dix heures trente cinq minutes,Onze heures moins vingt-cinq
10:36,Dix heures trente six,Dix heures trente six minutes
10:37,Dix heures trente sept,Dix heures trente sept minutes
10:38,Dix heures trente huit,Dix heures trente huit minutes
10:39,Dix heures trente neuf,Dix heures trente neuf minutes
10:40,Dix heures quarante ,Dix heures quarante minutes,Onze heures moins vingt
10:41,Dix heures quarante et une,Dix heures quarante et une minutes
10:42,Dix heures quarante deux,Dix heures quarante deux minutes
10:43,Dix heures quarante trois,Dix heures quarante trois minutes
10:44,Dix heures quarante quatre,Dix heures quarante quatre minutes
10:45,Dix heures quarante cinq,Dix heures quarante cinq minutes,Onze heures moins le quart
10:46,Dix heures quarante six,Dix heures quarante six minutes
10:47,Dix heures quarante sept,Dix heures quarante sept minutes
10:48,Dix heures quarante huit,Dix heures quarante huit minutes
10:49,Dix heures quarante neuf,Dix heures quarante neuf minutes
10:50,Dix heures cinquante ,Dix heures cinquante minutes,Onze heures moins dix
10:51,Dix heures cinquante et une,Dix heures cinquante et une minutes,Onze heures moins neuf
10:52,Dix heures cinquante deux,Dix heures cinquante deux minutes,Onze heures moins huit
10:53,Dix heures cinquante trois,Dix heures cinquante trois minutes,Onze heures moins sept
10:54,Dix heures cinquante quatre,Dix heures cinquante quatre minutes,Onze heures moins six
10:55,Dix heures cinquante cinq,Dix heures cinquante cinq minutes,Onze heures moins cinq
10:56,Dix heures cinquante six,Dix heures cinquante six minutes,Onze heures moins quatre
10:57,Dix heures cinquante sept,Dix heures cinquante sept minutes,Onze heures moins trois
10:58,Dix heures cinquante huit,Dix heures cinquante huit minutes,Onze heures moins deux
10:59,Dix heures cinquante neuf,Dix heures cinquante neuf minutes,Onze heures moins une
11:00,Onze heures  ,Onze heures,Onze heures pile,Onze heures du matin
11:01,Onze heures une ,Onze heures une minute
11:02,Onze heures deux ,Onze heures deux minutes
11:03,Onze heures trois ,Onze heures trois minutes
11:04,Onze heures quatre ,Onze heures quatre minutes
11:05,Onze heures cinq ,Onze heures cinq minutes
11:06,Onze heures six ,Onze heures six minutes
11:07,Onze heures sept ,Onze heures sept minutes
11:08,Onze heures huit ,Onze heures huit minutes
11:09,Onze heures neuf ,Onze heures neuf minutes
11:10,Onze heures dix ,Onze heures dix minutes
11:11,Onze heures onze ,Onze heures onze minutes
11:12,Onze heures douze ,Onze heures douze minutes
11:13,Onze heures treize ,Onze heures treize minutes
11:14,Onze heures quatorze ,Onze heures quatorze minutes
11:15,Onze heures quinze ,Onze heures quinze minutes,Onze heures et quart
11:16,Onze heures seize ,Onze heures seize minutes
11:17,Onze heures dix-sept ,Onze heures dix-sept minutes
11:18,Onze heures dix-huit ,Onze heures dix-huit minutes
11:19,Onze heures dix-neuf ,Onze heures dix-neuf minutes
11:20,Onze heures vingt ,Onze heures vingt minutes
11:21,Onze heures vingt et une,Onze heures vingt et une minutes
11:22,Onze heures vingt deux,Onze heures vingt deux minutes
11:23,Onze heures vingt trois,Onze heures vingt trois minutes
11:24,Onze heures vingt quatre,Onze heures vingt quatre minutes
11:25,Onze heures vingt cinq,Onze heures vingt cinq minutes
11:26,Onze heures vingt six,Onze heures vingt six minutes
11:27,Onze heures vingt sept,Onze heures vingt sept minutes
11:28,Onze heures vingt huit,Onze heures vingt huit minutes
11:29,Onze heures vingt neuf,Onze heures vingt neuf minutes
11:30,Onze heures trente ,Onze heures trente minutes,Onze heures et demie
11:31,Onze heures trente et une,Onze heures trente et une minutes
11:32,Onze heures trente deux,Onze heures trente deux minutes
11:33,Onze heures trente trois,Onze heures trente trois minutes
11:34,Onze heures trente quatre,Onze heures trente quatre minutes
11:35,Onze heures trente cinq,Onze heures trente cinq minutes,Douze heures moins vingt-cinq
11:36,Onze heures trente six,Onze heures trente six minutes
11:37,Onze heures trente sept,Onze heures trente sept minutes
11:38,Onze heures trente huit,Onze heures trente huit minutes
11:39,Onze heures trente neuf,Onze heures trente neuf minutes
11:40,Onze heures quarante ,Onze heures quarante minutes,Douze heures moins vingt
11:41,Onze heures quarante et une,Onze heures quarante et une minutes
11:42,Onze heures quarante deux,Onze heures quarante deux minutes
11:43,Onze heures quarante trois,Onze heures quarante trois minutes
11:44,Onze heures quarante quatre,Onze heures quarante quatre minutes
11:45,Onze heures quarante cinq,Onze heures quarante cinq minutes,Douze heures moins le quart
11:46,Onze heures quarante six,Onze heures quarante six minutes
11:47,Onze heures quarante sept,Onze heures quarante sept minutes
11:48,Onze heures quarante huit,Onze heures quarante huit minutes
11:49,Onze heures quarante neuf,Onze heures quarante neuf minutes
11:50,Onze heures cinquante ,Onze heures cinquante minutes,Douze heures moins dix
11:51,Onze heures cinquante et une,Onze heures cinquante et une minutes,Douze heures moins neuf
11:52,Onze heures cinquante deux,Onze heures cinquante deux minutes,Douze heures moins huit
11:53,Onze heures cinquante trois,Onze heures cinquante trois minutes,Douze heures moins sept
11:54,Onze heures cinquante quatre,Onze heures cinquante quatre minutes,Douze heures moins six
11:55,Onze heures cinquante cinq,Onze heures cinquante cinq minutes,Douze heures moins cinq
11:56,Onze heures cinquante six,Onze heures cinquante six minutes,Douze heures moins quatre
11:57,Onze heures cinquante sept,Onze heures cinquante sept minutes,Douze heures moins trois
11:58,Onze heures cinquante huit,Onze heures cinquante huit minutes,Douze heures moins deux
11:59,Onze heures cinquante neuf,Onze heures cinquante neuf minutes,Douze heures moins une
12:00,Douze heures  ,Douze heures,Douze heures pile,Midi,Midi pile
12:01,Douze heures une ,Douze heures une minute
12:02,Douze heures deux ,Douze heures deux minutes
12:03,Douze heures trois ,Douze heures trois minutes
12:04,Douze heures quatre ,Douze heures quatre minutes
12:05,Douze heures cinq ,Douze heures cinq minutes
12:06,Douze heures six ,Douze heures six minutes
12:07,Douze heures sept ,Douze heures sept minutes
12:08,Douze heures huit ,Douze heures huit minutes
12:09,Douze heures neuf ,Douze heures neuf minutes
12:10,Douze heures dix ,Douze heures dix minutes
12:11,Douze heures onze ,Douze heures onze minutes
12:12,Douze heures douze ,Douze heures douze minutes
12:13,Douze heures treize ,Douze heures treize minutes
12:14,Douze heures quatorze ,Douze heures quatorze minutes
12:15,Douze heures quinze ,Douze heures quinze minutes,Douze heures et quart
12:16,Douze heures seize ,Douze heures seize minutes
12:17,Douze heures dix-sept ,Douze heures dix-sept minutes
12:18,Douze heures dix-huit ,Douze heures dix-huit minutes
12:19,Douze heures dix-neuf ,Douze heures dix-neuf minutes
12:20,Douze heures vingt ,Douze heures vingt minutes
12:21,Douze heures vingt et une,Douze heures vingt et une minutes
12:22,Douze heures vingt deux,Douze heures vingt deux minutes
12:23,Douze heures vingt trois,Douze heures vingt trois minutes
12:24,Douze heures vingt quatre,Douze heures vingt quatre minutes
12:25,Douze heures vingt cinq,Douze heures vingt cinq minutes
12:26,Douze heures vingt six,Douze heures vingt six minutes
12:27,Douze heures vingt sept,Douze heures vingt sept minutes
12:28,Douze heures vingt huit,Douze heures vingt huit minutes
12:29,Douze heures vingt neuf,Douze heures vingt neuf minutes
12:30,Douze heures trente ,Douze heures trente minutes,Douze heures et demie
12:31,Douze heures trente et une,Douze heures trente et une minutes
12:32,Douze heures trente deux,Douze heures trente deux minutes
12:33,Douze heures trente trois,Douze heures trente trois minutes
12:34,Douze heures trente quatre,Douze heures trente quatre minutes
12:35,Douze heures trente cinq,Douze heures trente cinq minutes,Treize heures moins vingt-cinq
12:36,Douze heures trente six,Douze heures trente six minutes
12:37,Douze heures trente sept,Douze heures trente sept minutes
12:38,Douze heures trente huit,Douze heures trente huit minutes
12:39,Douze heures trente neuf,Douze heures trente neuf minutes
12:40,Douze heures quarante ,Douze heures quarante minutes,Treize heures moins vingt
12:41,Douze heures quarante et une,Douze heures quarante et une minutes
12:42,Douze heures quarante deux,Douze heures quarante deux minutes
12:43,Douze heures quarante trois,Douze heures quarante trois minutes
12:44,Douze heures quarante quatre,Douze heures quarante quatre minutes
12:45,Douze heures quarante cinq,Douze heures quarante cinq minutes,Treize heures moins le quart
12:46,Douze heures quarante six,Douze heures quarante six minutes
12:47,Douze heures quarante sept,Douze heures quarante sept minutes
12:48,Douze heures quarante huit,Douze heures quarante huit minutes
12:49,Douze heures quarante neuf,Douze heures quarante neuf minutes
12:50,Douze heures cinquante ,Douze heures cinquante minutes,Treize heures moins dix
12:51,Douze heures cinquante et une,Douze heures cinquante et une minutes,Treize heures moins neuf
12:52,Douze heures cinquante deux,Douze heures cinquante deux minutes,Treize heures moins huit
12:53,Douze heures cinquante trois,Douze heures cinquante trois minutes,Treize heures moins sept
12:54,Douze heures cinquante quatre,Douze heures cinquante quatre minutes,Treize heures moins six
12:55,Douze heures cinquante cinq,Douze heures cinquante cinq minutes,Treize heures moins cinq
12:56,Douze heures cinquante six,Douze heures cinquante six minutes,Treize heures moins quatre
12:57,Douze heures cinquante sept,Douze heures cinquante sept minutes,Treize heures moins trois
12:58,Douze heures cinquante huit,Douze heures cinquante huit minutes,Treize heures moins deux
12:59,Douze heures cinquante neuf,Douze heures cinquante neuf minutes,Treize heures moins une
13:00,Treize heures  ,Treize heures,Treize heures pile,Une heure de l'aprÃ¨s-midi
13:01,Treize heures une ,Treize heures une minute
13:02,Treize heures deux ,Treize heures deux minutes
13:03,Treize heures trois ,Treize heures trois minutes
13:04,Treize heures quatre ,Treize heures quatre minutes
13:05,Treize heures cinq ,Treize heures cinq minutes
13:06,Treize heures six ,Treize heures six minutes
13:07,Treize heures sept ,Treize heures sept minutes
13:08,Treize heures huit ,Treize heures huit minutes
13:09,Treize heures neuf ,Treize heures neuf minutes
13:10,Treize heures dix ,Treize heures dix minutes
13:11,Treize heures onze ,Treize heures onze minutes
13:12,Treize heures douze ,Treize heures douze minutes
13:13,Treize heures treize ,Treize heures treize minutes
13:14,Treize heures quatorze ,Treize heures quatorze minutes
13:15,Treize heures quinze ,Treize heures quinze minutes,Treize heures et quart
13:16,Treize heures seize ,Treize heures seize minutes
13:17,Treize heures dix-sept ,Treize heures dix-sept minutes
13:18,Treize heures dix-huit ,Treize heures dix-huit minutes
13:19,Treize heures dix-neuf ,Treize heures dix-neuf minutes
13:20,Treize heures vingt ,Treize heures vingt minutes
13:21,Treize heures vingt et une,Treize heures vingt et une minutes
13:22,Treize heures vingt deux,Treize heures vingt deux minutes
13:23,Treize heures vingt trois,Treize heures vingt trois minutes
13:24,Treize heures vingt quatre,Treize heures vingt quatre minutes
13:25,Treize heures vingt cinq,Treize heures vingt cinq minutes
13:26,Treize heures vingt six,Treize heures vingt six minutes
13:27,Treize heures vingt sept,Treize heures vingt sept minutes
13:28,Treize heures vingt huit,Treize heures vingt huit minutes
13:29,Treize heures vingt neuf,Treize heures vingt neuf minutes
13:30,Treize heures trente ,Treize heures trente minutes,Treize heures et demie
13:31,Treize heures trente et une,Treize heures trente et une minutes
13:32,Treize heures trente deux,Treize heures trente deux minutes
13:33,Treize heures trente trois,Treize heures trente trois minutes
13:34,Treize heures trente quatre,Treize heures trente quatre minutes
13:35,Treize heures trente cinq,Treize heures trente cinq minutes,Quatorze heures moins vingt-cinq
13:36,Treize heures trente six,Treize heures trente six minutes
13:37,Treize heures trente sept,Treize heures trente sept minutes
13:38,Treize heures trente huit,Treize heures trente huit minutes
13:39,Treize heures trente neuf,Treize heures trente neuf minutes
13:40,Treize heures quarante ,Treize heures quarante minutes,Quatorze heures moins vingt
13:41,Treize heures quarante et une,Treize heures quarante et une minutes
13:42,Treize heures quarante deux,Treize heures quarante deux minutes
13:43,Treize heures quarante trois,Treize heures quarante trois minutes
13:44,Treize heures quarante quatre,Treize heures quarante quatre minutes
13:45,Treize heures quarante cinq,Treize heures quarante cinq minutes,Quatorze heures moins le quart
13:46,Treize heures quarante six,Treize heures quarante six minutes
13:47,Treize heures quarante sept,Treize heures quarante sept minutes
13:48,Treize heures quarante huit,Treize heures quarante huit minutes
13:49,Treize heures quarante neuf,Treize heures quarante neuf minutes
13:50,Treize heures cinquante ,Treize heures cinquante minutes,Quatorze heures moins dix
13:51,Treize heures cinquante et une,Treize heures cinquante et une minutes,Quatorze heures moins neuf
13:52,Treize heures cinquante deux,Treize heures cinquante deux minutes,Quatorze heures moins huit
13:53,Treize heures cinquante trois,Treize heures cinquante trois minutes,Quatorze heures moins sept
13:54,Treize heures cinquante quatre,Treize heures cinquante quatre minutes,Quatorze heures moins six
13:55,Treize heures cinquante cinq,Treize heures cinquante cinq minutes,Quatorze heures moins cinq
13:56,Treize heures cinquante six,Treize heures cinquante six minutes,Quatorze heures moins quatre
13:57,Treize heures cinquante sept,Treize heures cinquante sept minutes,Quatorze heures moins trois
13:58,Treize heures cinquante huit,Treize heures cinquante huit minutes,Quatorze heures moins deux
13:59,Treize heures cinquante neuf,Treize heures cinquante neuf minutes,Quatorze heures moins une
14:00,Quatorze heures  ,Quatorze heures,Quatorze heures pile,Deux heures de l'aprÃ¨s-midi
14:01,Quatorze heures une ,Quatorze heures une minute
14:02,Quatorze heures deux ,Quatorze heures deux minutes
14:03,Quatorze heures trois ,Quatorze heures trois minutes
14:04,Quatorze heures quatre ,Quatorze heures quatre minutes
14:05,Quatorze heures cinq ,Quatorze heures cinq minutes
14:06,Quatorze heures six ,Quatorze heures six minutes
14:07,Quatorze heures sept ,Quatorze heures sept minutes
14:08,Quatorze heures huit ,Quatorze heures huit minutes
14:09,Quatorze heures neuf ,Quatorze heures neuf minutes
14:10,Quatorze heures dix ,Quatorze heures dix minutes
14:11,Quatorze heures onze ,Quatorze heures onze minutes
14:12,Quatorze heures douze ,Quatorze heures douze minutes
14:13,Quatorze heures treize ,Quatorze heures treize minutes
14:14,Quatorze heures quatorze ,Quatorze heures quatorze minutes
14:15,Quatorze heures quinze ,Quatorze heures quinze minutes,Quatorze heures et quart
14:16,Quatorze heures seize ,Quatorze heures seize minutes
14:17,Quatorze heures dix-sept ,Quatorze heures dix-sept minutes
14:18,Quatorze heures dix-huit ,Quatorze heures dix-huit minutes
14:19,Quatorze heures dix-neuf ,Quatorze heures dix-neuf minutes
14:20,Quatorze heures vingt ,Quatorze heures vingt minutes
14:21,Quatorze heures vingt et une,Quatorze heures vingt et une minutes
14:22,Quatorze heures vingt deux,Quatorze heures vingt deux minutes
14:23,Quatorze heures vingt trois,Quatorze heures vingt trois minutes
14:24,Quatorze heures vingt quatre,Quatorze heures vingt quatre minutes
14:25,Quatorze heures vingt cinq,Quatorze heures vingt cinq minutes
14:26,Quatorze heures vingt six,Quatorze heures vingt six minutes
14:27,Quatorze heures vingt sept,Quatorze heures vingt sept minutes
14:28,Quatorze heures vingt huit,Quatorze heures vingt huit minutes
14:29,Quatorze heures vingt neuf,Quatorze heures vingt neuf minutes
14:30,Quatorze heures trente ,Quatorze heures trente minutes,Quatorze heures et demie
14:31,Quatorze heures trente et une,Quatorze heures trente et une minutes
14:32,Quatorze heures trente deux,Quatorze heures trente deux minutes
14:33,Quatorze heures trente trois,Quatorze heures trente trois minutes
14:34,Quatorze heures trente quatre,Quatorze heures trente quatre minutes
14:35,Quatorze heures trente cinq,Quatorze heures trente cinq minutes,Quinze heures moins vingt-cinq
14:36,Quatorze heures trente six,Quatorze heures trente six minutes
14:37,Quatorze heures trente sept,Quatorze heures trente sept minutes
14:38,Quatorze heures trente huit,Quatorze heures trente huit minutes
14:39,Quatorze heures trente neuf,Quatorze heures trente neuf minutes
14:40,Quatorze heures quarante ,Quatorze heures quarante minutes,Quinze heures moins vingt
14:41,Quatorze heures quarante et une,Quatorze heures quarante et une minutes
14:42,Quatorze heures quarante deux,Quatorze heures quarante deux minutes
14:43,Quatorze heures quarante trois,Quatorze heures quarante trois minutes
14:44,Quatorze heures quarante quatre,Quatorze heures quarante quatre minutes
14:45,Quatorze heures quarante cinq,Quatorze heures quarante cinq minutes,Quinze heures moins le quart
14:46,Quatorze heures quarante six,Quatorze heures quarante six minutes
14:47,Quatorze heures quarante sept,Quatorze heures quarante sept minutes
14:48,Quatorze heures quarante huit,Quatorze heures quarante huit minutes
14:49,Quatorze heures quarante neuf,Quatorze heures quarante neuf minutes
14:50,Quatorze heures cinquante ,Quatorze heures cinquante minutes,Quinze heures moins dix
14:51,Quatorze heures cinquante et une,Quatorze heures cinquante et une minutes,Quinze heures moins neuf
14:52,Quatorze heures cinquante deux,Quatorze heures cinquante deux minutes,Quinze heures moins huit
14:53,Quatorze heures cinquante trois,Quatorze heures cinquante trois minutes,Quinze heures moins sept
14:54,Quatorze heures cinquante quatre,Quatorze heures cinquante quatre minutes,Quinze heures moins six
14:55,Quatorze heures cinquante cinq,Quatorze heures cinquante cinq minutes,Quinze heures moins cinq
14:56,Quatorze heures cinquante six,Quatorze heures cinquante six minutes,Quinze heures moins quatre
14:57,Quatorze heures cinquante sept,Quatorze heures cinquante sept minutes,Quinze heures moins trois
14:58,Quatorze heures cinquante huit,Quatorze heures cinquante huit minutes,Quinze heures moins deux
14:59,Quatorze heures cinquante neuf,Quatorze heures cinquante neuf minutes,Quinze heures moins une
15:00,Quinze heures  ,Quinze heures,Quinze heures pile,Trois heures de l'aprÃ¨s-midi
15:01,Quinze heures une ,Quinze heures une minute
15:02,Quinze heures deux ,Quinze heures deux minutes
15:03,Quinze heures trois ,Quinze heures trois minutes
15:04,Quinze heures quatre ,Quinze heures quatre minutes
15:05,Quinze heures cinq ,Quinze heures cinq minutes
15:06,Quinze heures six ,Quinze heures six minutes
15:07,Quinze heures sept ,Quinze heures sept minutes
15:08,Quinze heures huit ,Quinze heures huit minutes
15:09,Quinze heures neuf ,Quinze heures neuf minutes
15:10,Quinze heures dix ,Quinze heures dix minutes
15:11,Quinze heures onze ,Quinze heures onze minutes
15:12,Quinze heures douze ,Quinze heures douze minutes
15:13,Quinze heures treize ,Quinze heures treize minutes
15:14,Quinze heures quatorze ,Quinze heures quatorze minutes
15:15,Quinze heures quinze ,Quinze heures quinze minutes,Quinze heures et quart
15:16,Quinze heures seize ,Quinze heures seize minutes
15:17,Quinze heures dix-sept ,Quinze heures dix-sept minutes
15:18,Quinze heures dix-huit ,Quinze heures dix-huit minutes
15:19,Quinze heures dix-neuf ,Quinze heures dix-neuf minutes
15:20,Quinze heures vingt ,Quinze heures vingt minutes
15:21,Quinze heures vingt et une,Quinze heures vingt et une minutes
15:22,Quinze heures vingt deux,Quinze heures vingt deux minutes
15:23,Quinze heures vingt trois,Quinze heures vingt trois minutes
15:24,Quinze heures vingt quatre,Quinze heures vingt quatre minutes
15:25,Quinze heures vingt cinq,Quinze heures vingt cinq minutes
15:26,Quinze heures vingt six,Quinze heures vingt six minutes
15:27,Quinze heures vingt sept,Quinze heures vingt sept minutes
15:28,Quinze heures vingt huit,Quinze heures vingt huit minutes
15:29,Quinze heures vingt neuf,Quinze heures vingt neuf minutes
15:30,Quinze heures trente ,Quinze heures trente minutes,Quinze heures et demie
15:31,Quinze heures trente et une,Quinze heures trente et une minutes
15:32,Quinze heures trente deux,Quinze heures trente deux minutes
15:33,Quinze heures trente trois,Quinze heures trente trois minutes
15:34,Quinze heures trente quatre,Quinze heures trente quatre minutes
15:35,Quinze heures trente cinq,Quinze heures trente cinq minutes,Seize heures moins vingt-cinq
15:36,Quinze heures trente six,Quinze heures trente six minutes
15:37,Quinze heures trente sept,Quinze heures trente sept minutes
15:38,Quinze heures trente huit,Quinze heures trente huit minutes
15:39,Quinze heures trente neuf,Quinze heures trente neuf minutes
15:40,Quinze heures quarante ,Quinze heures quarante minutes,Seize heures moins vingt
15:41,Quinze heures quarante et une,Quinze heures quarante et une minutes
15:42,Quinze heures quarante deux,Quinze heures quarante deux minutes
15:43,Quinze heures quarante trois,Quinze heures quarante trois minutes
15:44,Quinze heures quarante quatre,Quinze heures quarante quatre minutes
15:45,Quinze heures quarante cinq,Quinze heures quarante cinq minutes,Seize heures moins le quart
15:46,Quinze heures quarante six,Quinze heures quarante six minutes
15:47,Quinze heures quarante sept,Quinze heures quarante sept minutes
15:48,Quinze heures quarante huit,Quinze heures quarante huit minutes
15:49,Quinze heures quarante neuf,Quinze heures quarante neuf minutes
15:50,Quinze heures cinquante ,Quinze heures cinquante minutes,Seize heures moins dix
15:51,Quinze heures cinquante et une,Quinze heures cinquante et une minutes,Seize heures moins neuf
15:52,Quinze heures cinquante deux,Quinze heures cinquante deux minutes,Seize heures moins huit
15:53,Quinze heures cinquante trois,Quinze heures cinquante trois minutes,Seize heures moins sept
15:54,Quinze heures cinquante quatre,Quinze heures cinquante quatre minutes,Seize heures moins six
15:55,Quinze heures cinquante cinq,Quinze heures cinquante cinq minutes,Seize heures moins cinq
15:56,Quinze heures cinquante six,Quinze heures cinquante six minutes,Seize heures moins quatre
15:57,Quinze heures cinquante sept,Quinze heures cinquante sept minutes,Seize heures moins trois
15:58,Quinze heures cinquante huit,Quinze heures cinquante huit minutes,Seize heures moins deux
15:59,Quinze heures cinquante neuf,Quinze heures cinquante neuf minutes,Seize heures moins une
16:00,Seize heures  ,Seize heures,Seize heures pile,Quatre heures de l'aprÃ¨s-midi
16:01,Seize heures une ,Seize heures une minute
16:02,Seize heures deux ,Seize heures deux minutes
16:03,Seize heures trois ,Seize heures trois minutes
16:04,Seize heures quatre ,Seize heures quatre minutes
16:05,Seize heures cinq ,Seize heures cinq minutes
16:06,Seize heures six ,Seize heures six minutes
16:07,Seize heures sept ,Seize heures sept minutes
16:08,Seize heures huit ,Seize heures huit minutes
16:09,Seize heures neuf ,Seize heures neuf minutes
16:10,Seize heures dix ,Seize heures dix minutes
16:11,Seize heures onze ,Seize heures onze minutes
16:12,Seize heures douze ,Seize heures douze minutes
16:13,Seize heures treize ,Seize heures treize minutes
16:14,Seize heures quatorze ,Seize heures quatorze minutes
16:15,Seize heures quinze ,Seize heures quinze minutes,Seize heures et quart
16:16,Seize heures seize ,Seize heures seize minutes
16:17,Seize heures dix-sept ,Seize heures dix-sept minutes
16:18,Seize heures dix-huit ,Seize heures dix-huit minutes
16:19,Seize heures dix-neuf ,Seize heures dix-neuf minutes
16:20,Seize heures vingt ,Seize heures vingt minutes
16:21,Seize heures vingt et une,Seize heures vingt et une minutes
16:22,Seize heures vingt deux,Seize heures vingt deux minutes
16:23,Seize heures vingt trois,Seize heures vingt trois minutes
16:24,Seize heures vingt quatre,Seize heures vingt quatre minutes
16:25,Seize heures vingt cinq,Seize heures vingt cinq minutes
16:26,Seize heures vingt six,Seize heures vingt six minutes
16:27,Seize heures vingt sept,Seize heures vingt sept minutes
16:28,Seize heures vingt huit,Seize heures vingt huit minutes
16:29,Seize heures vingt neuf,Seize heures vingt neuf minutes
16:30,Seize heures trente ,Seize heures trente minutes,Seize heures et demie
16:31,Seize heures trente et une,Seize heures trente et une minutes
16:32,Seize heures trente deux,Seize heures trente deux minutes
16:33,Seize heures trente trois,Seize heures trente trois minutes
16:34,Seize heures trente quatre,Seize heures trente quatre minutes
16:35,Seize heures trente cinq,Seize heures trente cinq minutes,Dix-sept heures moins vingt-cinq
16:36,Seize heures trente six,Seize heures trente six minutes
16:37,Seize heures trente sept,Seize heures trente sept minutes
16:38,Seize heures trente huit,Seize heures trente huit minutes
16:39,Seize heures trente neuf,Seize heures trente neuf minutes
16:40,Seize heures quarante ,Seize heures quarante minutes,Dix-sept heures moins vingt
16:41,Seize heures quarante et une,Seize heures quarante et une minutes
16:42,Seize heures quarante deux,Seize heures quarante deux minutes
16:43,Seize heures quarante trois,Seize heures quarante trois minutes
16:44,Seize heures quarante quatre,Seize heures quarante quatre minutes
16:45,Seize heures quarante cinq,Seize heures quarante cinq minutes,Dix-sept heures moins le quart
16:46,Seize heures quarante six,Seize heures quarante six minutes
16:47,Seize heures quarante sept,Seize heures quarante sept minutes
16:48,Seize heures quarante huit,Seize heures quarante huit minutes
16:49,Seize heures quarante neuf,Seize heures quarante neuf minutes
16:50,Seize heures cinquante ,Seize heures cinquante minutes,Dix-sept heures moins dix
16:51,Seize heures cinquante et une,Seize heures cinquante et une minutes,Dix-sept heures moins neuf
16:52,Seize heures cinquante deux,Seize heures cinquante deux minutes,Dix-sept heures moins huit
16:53,Seize heures cinquante trois,Seize heures cinquante trois minutes,Dix-sept heures moins sept
16:54,Seize heures cinquante quatre,Seize heures cinquante quatre minutes,Dix-sept heures moins six
16:55,Seize heures cinquante cinq,Seize heures cinquante cinq minutes,Dix-sept heures moins cinq
16:56,Seize heures cinquante six,Seize heures cinquante six minutes,Dix-sept heures moins quatre
16:57,Seize heures cinquante sept,Seize heures cinquante sept minutes,Dix-sept heures moins trois
16:58,Seize heures cinquante huit,Seize heures cinquante huit minutes,Dix-sept heures moins deux
16:59,Seize heures cinquante neuf,Seize heures cinquante neuf minutes,Dix-sept heures moins une
17:00,Dix-sept heures  ,Dix-sept heures,Dix-sept heures pile,Cinq heures de l'aprÃ¨s-midi
17:01,Dix-sept heures une ,Dix-sept heures une minute
17:02,Dix-sept heures deux ,Dix-sept heures deux minutes
17:03,Dix-sept heures trois ,Dix-sept heures trois minutes
17:04,Dix-sept heures quatre ,Dix-sept heures quatre minutes
17:05,Dix-sept heures cinq ,Dix-sept heures cinq minutes
17:06,Dix-sept heures six ,Dix-sept heures six minutes
17:07,Dix-sept heures sept ,Dix-sept heures sept minutes
17:08,Dix-sept heures huit ,Dix-sept heures huit minutes
17:09,Dix-sept heures neuf ,Dix-sept heures neuf minutes
17:10,Dix-sept heures dix ,Dix-sept heures dix minutes
17:11,Dix-sept heures onze ,Dix-sept heures onze minutes
17:12,Dix-sept heures douze ,Dix-sept heures douze minutes
17:13,Dix-sept heures treize ,Dix-sept heures treize minutes
17:14,Dix-sept heures quatorze ,Dix-sept heures quatorze minutes
17:15,Dix-sept heures quinze ,Dix-sept heures quinze minutes,Dix-sept heures et quart
17:16,Dix-sept heures seize ,Dix-sept heures seize minutes
17:17,Dix-sept heures dix-sept ,Dix-sept heures dix-sept minutes
17:18,Dix-sept heures dix-huit ,Dix-sept heures dix-huit minutes
17:19,Dix-sept heures dix-neuf ,Dix-sept heures dix-neuf minutes
17:20,Dix-sept heures vingt ,Dix-sept heures vingt minutes
17:21,Dix-sept heures vingt et une,Dix-sept heures vingt et une minutes
17:22,Dix-sept heures vingt deux,Dix-sept heures vingt deux minutes
17:23,Dix-sept heures vingt trois,Dix-sept heures vingt trois minutes
17:24,Dix-sept heures vingt quatre,Dix-sept heures vingt quatre minutes
17:25,Dix-sept heures vingt cinq,Dix-sept heures vingt cinq minutes
17:26,Dix-sept heures vingt six,Dix-sept heures vingt six minutes
17:27,Dix-sept heures vingt sept,Dix-sept heures vingt sept minutes
17:28,Dix-sept heures vingt huit,Dix-sept heures vingt huit minutes
17:29,Dix-sept heures vingt neuf,Dix-sept heures vingt neuf minutes
17:30,Dix-sept heures trente ,Dix-sept heures trente minutes,Dix-sept heures et demie
17:31,Dix-sept heures trente et une,Dix-sept heures trente et une minutes
17:32,Dix-sept heures trente deux,Dix-sept heures trente deux minutes
17:33,Dix-sept heures trente trois,Dix-sept heures trente trois minutes
17:34,Dix-sept heures trente quatre,Dix-sept heures trente quatre minutes
17:35,Dix-sept heures trente cinq,Dix-sept heures trente cinq minutes,Dix-huit heures moins vingt-cinq
17:36,Dix-sept heures trente six,Dix-sept heures trente six minutes
17:37,Dix-sept heures trente sept,Dix-sept heures trente sept minutes
17:38,Dix-sept heures trente huit,Dix-sept heures trente huit minutes
17:39,Dix-sept heures trente neuf,Dix-sept heures trente neuf minutes
17:40,Dix-sept heures quarante ,Dix-sept heures quarante minutes,Dix-huit heures moins vingt
17:41,Dix-sept heures quarante et une,Dix-sept heures quarante et une minutes
17:42,Dix-sept heures quarante deux,Dix-sept heures quarante deux minutes
17:43,Dix-sept heures quarante trois,Dix-sept heures quarante trois minutes
17:44,Dix-sept heures quarante quatre,Dix-sept heures quarante quatre minutes
17:45,Dix-sept heures quarante cinq,Dix-sept heures quarante cinq minutes,Dix-huit heures moins le quart
17:46,Dix-sept heures quarante six,Dix-sept heures quarante six minutes
17:47,Dix-sept heures quarante sept,Dix-sept heures quarante sept minutes
17:48,Dix-sept heures quarante huit,Dix-sept heures quarante huit minutes
17:49,Dix-sept heures quarante neuf,Dix-sept heures quarante neuf minutes
17:50,Dix-sept heures cinquante ,Dix-sept heures cinquante minutes,Dix-huit heures moins dix
17:51,Dix-sept heures cinquante et une,Dix-sept heures cinquante et une minutes,Dix-huit heures moins neuf
17:52,Dix-sept heures cinquante deux,Dix-sept heures cinquante deux minutes,Dix-huit heures moins huit
17:53,Dix-sept heures cinquante trois,Dix-sept heures cinquante trois minutes,Dix-huit heures moins sept
17:54,Dix-sept heures cinquante quatre,Dix-sept heures cinquante quatre minutes,Dix-huit heures moins six
17:55,Dix-sept heures cinquante cinq,Dix-sept heures cinquante cinq minutes,Dix-huit heures moins cinq
17:56,Dix-sept heures cinquante six,Dix-sept heures cinquante six minutes,Dix-huit heures moins quatre
17:57,Dix-sept heures cinquante sept,Dix-sept heures cinquante sept minutes,Dix-huit heures moins trois
17:58,Dix-sept heures cinquante huit,Dix-sept heures cinquante huit minutes,Dix-huit heures moins deux
17:59,Dix-sept heures cinquante neuf,Dix-sept heures cinquante neuf minutes,Dix-huit heures moins une
18:00,Dix-huit heures  ,Dix-huit heures,Dix-huit heures pile
18:01,Dix-huit heures une ,Dix-huit heures une minute
18:02,Dix-huit heures deux ,Dix-huit heures deux minutes
18:03,Dix-huit heures trois ,Dix-huit heures trois minutes
18:04,Dix-huit heures quatre ,Dix-huit heures quatre minutes
18:05,Dix-huit heures cinq ,Dix-huit heures cinq minutes
18:06,Dix-huit heures six ,Dix-huit heures six minutes
18:07,Dix-huit heures sept ,Dix-huit heures sept minutes
18:08,Dix-huit heures huit ,Dix-huit heures huit minutes
18:09,Dix-huit heures neuf ,Dix-huit heures neuf minutes
18:10,Dix-huit heures dix ,Dix-huit heures dix minutes
18:11,Dix-huit heures onze ,Dix-huit heures onze minutes
18:12,Dix-huit heures douze ,Dix-huit heures douze minutes
18:13,Dix-huit heures treize ,Dix-huit heures treize minutes
18:14,Dix-huit heures quatorze ,Dix-huit heures quatorze minutes
18:15,Dix-huit heures quinze ,Dix-huit heures quinze minutes,Dix-huit heures et quart
18:16,Dix-huit heures seize ,Dix-huit heures seize minutes
18:17,Dix-huit heures dix-sept ,Dix-huit heures dix-sept minutes
18:18,Dix-huit heures dix-huit ,Dix-huit heures dix-huit minutes
18:19,Dix-huit heures dix-neuf ,Dix-huit heures dix-neuf minutes
18:20,Dix-huit heures vingt ,Dix-huit heures vingt minutes
18:21,Dix-huit heures vingt et une,Dix-huit heures vingt et une minutes
18:22,Dix-huit heures vingt deux,Dix-huit heures vingt deux minutes
18:23,Dix-huit heures vingt trois,Dix-huit heures vingt trois minutes
18:24,Dix-huit heures vingt quatre,Dix-huit heures vingt quatre minutes
18:25,Dix-huit heures vingt cinq,Dix-huit heures vingt cinq minutes
18:26,Dix-huit heures vingt six,Dix-huit heures vingt six minutes
18:27,Dix-huit heures vingt sept,Dix-huit heures vingt sept minutes
18:28,Dix-huit heures vingt huit,Dix-huit heures vingt huit minutes
18:29,Dix-huit heures vingt neuf,Dix-huit heures vingt neuf minutes
18:30,Dix-huit heures trente ,Dix-huit heures trente minutes,Dix-huit heures et demie
18:31,Dix-huit heures trente et une,Dix-huit heures trente et une minutes
18:32,Dix-huit heures trente deux,Dix-huit heures trente deux minutes
18:33,Dix-huit heures trente trois,Dix-huit heures trente trois minutes
18:34,Dix-huit heures trente quatre,Dix-huit heures trente quatre minutes
18:35,Dix-huit heures trente cinq,Dix-huit heures trente cinq minutes,Dix-neuf heures moins vingt-cinq
18:36,Dix-huit heures trente six,Dix-huit heures trente six minutes
18:37,Dix-huit heures trente sept,Dix-huit heures trente sept minutes
18:38,Dix-huit heures trente huit,Dix-huit heures trente huit minutes
18:39,Dix-huit heures trente neuf,Dix-huit heures trente neuf minutes
18:40,Dix-huit heures quarante ,Dix-huit heures quarante minutes,Dix-neuf heures moins vingt
18:41,Dix-huit heures quarante et une,Dix-huit heures quarante et une minutes
18:42,Dix-huit heures quarante deux,Dix-huit heures quarante deux minutes
18:43,Dix-huit heures quarante trois,Dix-huit heures quarante trois minutes
18:44,Dix-huit heures quarante quatre,Dix-huit heures quarante quatre minutes
18:45,Dix-huit heures quarante cinq,Dix-huit heures quarante cinq minutes,Dix-neuf heures moins le quart
18:46,Dix-huit heures quarante six,Dix-huit heures quarante six minutes
18:47,Dix-huit heures quarante sept,Dix-huit heures quarante sept minutes
18:48,Dix-huit heures quarante huit,Dix-huit heures quarante huit minutes
18:49,Dix-huit heures quarante neuf,Dix-huit heures quarante neuf minutes
18:50,Dix-huit heures cinquante ,Dix-huit heures cinquante minutes,Dix-neuf heures moins dix
18:51,Dix-huit heures cinquante et une,Dix-huit heures cinquante et une minutes,Dix-neuf heures moins neuf
18:52,Dix-huit heures cinquante deux,Dix-huit heures cinquante deux minutes,Dix-neuf heures moins huit
18:53,Dix-huit heures cinquante trois,Dix-huit heures cinquante trois minutes,Dix-neuf heures moins sept
18:54,Dix-huit heures cinquante quatre,Dix-huit heures cinquante quatre minutes,Dix-neuf heures moins six
18:55,Dix-huit heures cinquante cinq,Dix-huit heures cinquante cinq minutes,Dix-neuf heures moins cinq
18:56,Dix-huit heures cinquante six,Dix-huit heures cinquante six minutes,Dix-neuf heures moins quatre
18:57,Dix-huit heures cinquante sept,Dix-huit heures cinquante sept minutes,Dix-neuf heures moins trois
18:58,Dix-huit heures cinquante huit,Dix-huit heures cinquante huit minutes,Dix-neuf heures moins deux
18:59,Dix-huit heures cinquante neuf,Dix-huit heures cinquante neuf minutes,Dix-neuf heures moins une
19:00,Dix-neuf heures  ,Dix-neuf heures,Dix-neuf heures pile,Sept heures du soir
19:01,Dix-neuf heures une ,Dix-neuf heures une minute
19:02,Dix-neuf heures deux ,Dix-neuf heures deux minutes
19:03,Dix-neuf heures trois ,Dix-neuf heures trois minutes
19:04,Dix-neuf heures quatre ,Dix-neuf heures quatre minutes
19:05,Dix-neuf heures cinq ,Dix-neuf heures cinq minutes
19:06,Dix-neuf heures six ,Dix-neuf heures six minutes
19:07,Dix-neuf heures sept ,Dix-neuf heures sept minutes
19:08,Dix-neuf heures huit ,Dix-neuf heures huit minutes
19:09,Dix-neuf heures neuf ,Dix-neuf heures neuf minutes
19:10,Dix-neuf heures dix ,Dix-neuf heures dix minutes
19:11,Dix-neuf heures onze ,Dix-neuf heures onze minutes
19:12,Dix-neuf heures douze ,Dix-neuf heures douze minutes
19:13,Dix-neuf heures treize ,Dix-neuf heures treize minutes
19:14,Dix-neuf heures quatorze ,Dix-neuf heures quatorze minutes
19:15,Dix-neuf heures quinze ,Dix-neuf heures quinze minutes,Dix-neuf heures et quart
19:16,Dix-neuf heures seize ,Dix-neuf heures seize minutes
19:17,Dix-neuf heures dix-sept ,Dix-neuf heures dix-sept minutes
19:18,Dix-neuf heures dix-huit ,Dix-neuf heures dix-huit minutes
19:19,Dix-neuf heures dix-neuf ,Dix-neuf heures dix-neuf minutes
19:20,Dix-neuf heures vingt ,Dix-neuf heures vingt minutes
19:21,Dix-neuf heures vingt et une,Dix-neuf heures vingt et une minutes
19:22,Dix-neuf heures vingt deux,Dix-neuf heures vingt deux minutes
19:23,Dix-neuf heures vingt trois,Dix-neuf heures vingt trois minutes
19:24,Dix-neuf heures vingt quatre,Dix-neuf heures vingt quatre minutes
19:25,Dix-neuf heures vingt cinq,Dix-neuf heures vingt cinq minutes
19:26,Dix-neuf heures vingt six,Dix-neuf heures vingt six minutes
19:27,Dix-neuf heures vingt sept,Dix-neuf heures vingt sept minutes
19:28,Dix-neuf heures vingt huit,Dix-neuf heures vingt huit minutes
19:29,Dix-neuf heures vingt neuf,Dix-neuf heures vingt neuf minutes
19:30,Dix-neuf heures trente ,Dix-neuf heures trente minutes,Dix-neuf heures et demie
19:31,Dix-neuf heures trente et une,Dix-neuf heures trente et une minutes
19:32,Dix-neuf heures trente deux,Dix-neuf heures trente deux minutes
19:33,Dix-neuf heures trente trois,Dix-neuf heures trente trois minutes
19:34,Dix-neuf heures trente quatre,Dix-neuf heures trente quatre minutes
19:35,Dix-neuf heures trente cinq,Dix-neuf heures trente cinq minutes,Vingt heures moins vingt-cinq
19:36,Dix-neuf heures trente six,Dix-neuf heures trente six minutes
19:37,Dix-neuf heures trente sept,Dix-neuf heures trente sept minutes
19:38,Dix-neuf heures trente huit,Dix-neuf heures trente huit minutes
19:39,Dix-neuf heures trente neuf,Dix-neuf heures trente neuf minutes
19:40,Dix-neuf heures quarante ,Dix-neuf heures quarante minutes,Vingt heures moins vingt
19:41,Dix-neuf heures quarante et une,Dix-neuf heures quarante et une minutes
19:42,Dix-neuf heures quarante deux,Dix-neuf heures quarante deux minutes
19:43,Dix-neuf heures quarante trois,Dix-neuf heures quarante trois minutes
19:44,Dix-neuf heures quarante quatre,Dix-neuf heures quarante quatre minutes
19:45,Dix-neuf heures quarante cinq,Dix-neuf heures quarante cinq minutes,Vingt heures moins le quart
19:46,Dix-neuf heures quarante six,Dix-neuf heures quarante six minutes
19:47,Dix-neuf heures quarante sept,Dix-neuf heures quarante sept minutes
19:48,Dix-neuf heures quarante huit,Dix-neuf heures quarante huit minutes
19:49,Dix-neuf heures quarante neuf,Dix-neuf heures quarante neuf minutes
19:50,Dix-neuf heures cinquante ,Dix-neuf heures cinquante minutes,Vingt heures moins dix
19:51,Dix-neuf heures cinquante et une,Dix-neuf heures cinquante et une minutes,Vingt heures moins neuf
19:52,Dix-neuf heures cinquante deux,Dix-neuf heures cinquante deux minutes,Vingt heures moins huit
19:53,Dix-neuf heures cinquante trois,Dix-neuf heures cinquante trois minutes,Vingt heures moins sept
19:54,Dix-neuf heures cinquante quatre,Dix-neuf heures cinquante quatre minutes,Vingt heures moins six
19:55,Dix-neuf heures cinquante cinq,Dix-neuf heures cinquante cinq minutes,Vingt heures moins cinq
19:56,Dix-neuf heures cinquante six,Dix-neuf heures cinquante six minutes,Vingt heures moins quatre
19:57,Dix-neuf heures cinquante sept,Dix-neuf heures cinquante sept minutes,Vingt heures moins trois
19:58,Dix-neuf heures cinquante huit,Dix-neuf heures cinquante huit minutes,Vingt heures moins deux
19:59,Dix-neuf heures cinquante neuf,Dix-neuf heures cinquante neuf minutes,Vingt heures moins une
20:00,Vingt heures  ,Vingt heures,Vingt heures pile,Huit heures du soir
20:01,Vingt heures une ,Vingt heures une minute
20:02,Vingt heures deux ,Vingt heures deux minutes
20:03,Vingt heures trois ,Vingt heures trois minutes
20:04,Vingt heures quatre ,Vingt heures quatre minutes
20:05,Vingt heures cinq ,Vingt heures cinq minutes
20:06,Vingt heures six ,Vingt heures six minutes
20:07,Vingt heures sept ,Vingt heures sept minutes
20:08,Vingt heures huit ,Vingt heures huit minutes
20:09,Vingt heures neuf ,Vingt heures neuf minutes
20:10,Vingt heures dix ,Vingt heures dix minutes
20:11,Vingt heures onze ,Vingt heures onze minutes
20:12,Vingt heures douze ,Vingt heures douze minutes
20:13,Vingt heures treize ,Vingt heures treize minutes
20:14,Vingt heures quatorze ,Vingt heures quatorze minutes
20:15,Vingt heures quinze ,Vingt heures quinze minutes,Vingt heures et quart
20:16,Vingt heures seize ,Vingt heures seize minutes
20:17,Vingt heures dix-sept ,Vingt heures dix-sept minutes
20:18,Vingt heures dix-huit ,Vingt heures dix-huit minutes
20:19,Vingt heures dix-neuf ,Vingt heures dix-neuf minutes
20:20,Vingt heures vingt ,Vingt heures vingt minutes
20:21,Vingt heures vingt et une,Vingt heures vingt et une minutes
20:22,Vingt heures vingt deux,Vingt heures vingt deux minutes
20:23,Vingt heures vingt trois,Vingt heures vingt trois minutes
20:24,Vingt heures vingt quatre,Vingt heures vingt quatre minutes
20:25,Vingt heures vingt cinq,Vingt heures vingt cinq minutes
20:26,Vingt heures vingt six,Vingt heures vingt six minutes
20:27,Vingt heures vingt sept,Vingt heures vingt sept minutes
20:28,Vingt heures vingt huit,Vingt heures vingt huit minutes
20:29,Vingt heures vingt neuf,Vingt heures vingt neuf minutes
20:30,Vingt heures trente ,Vingt heures trente minutes,Vingt heures et demie
20:31,Vingt heures trente et une,Vingt heures trente et une minutes
20:32,Vingt heures trente deux,Vingt heures trente deux minutes
20:33,Vingt heures trente trois,Vingt heures trente trois minutes
20:34,Vingt heures trente quatre,Vingt heures trente quatre minutes
20:35,Vingt heures trente cinq,Vingt heures trente cinq minutes,Vingt et une heures moins vingt-cinq
20:36,Vingt heures trente six,Vingt heures trente six minutes
20:37,Vingt heures trente sept,Vingt heures trente sept minutes
20:38,Vingt heures trente huit,Vingt heures trente huit minutes
20:39,Vingt heures trente neuf,Vingt heures trente neuf minutes
20:40,Vingt heures quarante ,Vingt heures quarante minutes,Vingt et une heures moins vingt
20:41,Vingt heures quarante et une,Vingt heures quarante et une minutes
20:42,Vingt heures quarante deux,Vingt heures quarante deux minutes
20:43,Vingt heures quarante trois,Vingt heures quarante trois minutes
20:44,Vingt heures quarante quatre,Vingt heures quarante quatre minutes
20:45,Vingt heures quarante cinq,Vingt heures quarante cinq minutes,Vingt et une heures moins le quart
20:46,Vingt heures quarante six,Vingt heures quarante six minutes
20:47,Vingt heures quarante sept,Vingt heures quarante sept minutes
20:48,Vingt heures quarante huit,Vingt heures quarante huit minutes
20:49,Vingt heures quarante neuf,Vingt heures quarante neuf minutes
20:50,Vingt heures cinquante ,Vingt heures cinquante minutes,Vingt et une heures moins dix
20:51,Vingt heures cinquante et une,Vingt heures cinquante et une minutes,Vingt et une heures moins neuf
20:52,Vingt heures cinquante deux,Vingt heures cinquante deux minutes,Vingt et une heures moins huit
20:53,Vingt heures cinquante trois,Vingt heures cinquante trois minutes,Vingt et une heures moins sept
20:54,Vingt heures cinquante quatre,Vingt heures cinquante quatre minutes,Vingt et une heures moins six
20:55,Vingt heures cinquante cinq,Vingt heures cinquante cinq minutes,Vingt et une heures moins cinq
20:56,Vingt heures cinquante six,Vingt heures cinquante six minutes,Vingt et une heures moins quatre
20:57,Vingt heures cinquante sept,Vingt heures cinquante sept minutes,Vingt et une heures moins trois
20:58,Vingt heures cinquante huit,Vingt heures cinquante huit minutes,Vingt et une heures moins deux
20:59,Vingt heures cinquante neuf,Vingt heures cinquante neuf minutes,Vingt et une heures moins une
21:00,Vingt et une heures  ,Vingt et une heures,Vingt et une heures pile,Neuf heures du soir
21:01,Vingt et une heures une ,Vingt et une heures une minute
21:02,Vingt et une heures deux ,Vingt et une heures deux minutes
21:03,Vingt et une heures trois ,Vingt et une heures trois minutes
21:04,Vingt et une heures quatre ,Vingt et une heures quatre minutes
21:05,Vingt et une heures cinq ,Vingt et une heures cinq minutes
21:06,Vingt et une heures six ,Vingt et une heures six minutes
21:07,Vingt et une heures sept ,Vingt et une heures sept minutes
21:08,Vingt et une heures huit ,Vingt et une heures huit minutes
21:09,Vingt et une heures neuf ,Vingt et une heures neuf minutes
21:10,Vingt et une heures dix ,Vingt et une heures dix minutes
21:11,Vingt et une heures onze ,Vingt et une heures onze minutes
21:12,Vingt et une heures douze ,Vingt et une heures douze minutes
21:13,Vingt et une heures treize ,Vingt et une heures treize minutes
21:14,Vingt et une heures quatorze ,Vingt et une heures quatorze minutes
21:15,Vingt et une heures quinze ,Vingt et une heures quinze minutes,Vingt et une heures et quart
21:16,Vingt et une heures seize ,Vingt et une heures seize minutes
21:17,Vingt et une heures dix-sept ,Vingt et une heures dix-sept minutes
21:18,Vingt et une heures dix-huit ,Vingt et une heures dix-huit minutes
21:19,Vingt et une heures dix-neuf ,Vingt et une heures dix-neuf minutes
21:20,Vingt et une heures vingt ,Vingt et une heures vingt minutes
21:21,Vingt et une heures vingt et une,Vingt et une heures vingt et une minutes
21:22,Vingt et une heures vingt deux,Vingt et une heures vingt deux minutes
21:23,Vingt et une heures vingt trois,Vingt et une heures vingt trois minutes
21:24,Vingt et une heures vingt quatre,Vingt et une heures vingt quatre minutes
21:25,Vingt et une heures vingt cinq,Vingt et une heures vingt cinq minutes
21:26,Vingt et une heures vingt six,Vingt et une heures vingt six minutes
21:27,Vingt et une heures vingt sept,Vingt et une heures vingt sept minutes
21:28,Vingt et une heures vingt huit,Vingt et une heures vingt huit minutes
21:29,Vingt et une heures vingt neuf,Vingt et une heures vingt neuf minutes
21:30,Vingt et une heures trente ,Vingt et une heures trente minutes,Vingt et une heures et demie
21:31,Vingt et une heures trente et une,Vingt et une heures trente et une minutes
21:32,Vingt et une heures trente deux,Vingt et une heures trente deux minutes
21:33,Vingt et une heures trente trois,Vingt et une heures trente trois minutes
21:34,Vingt et une heures trente quatre,Vingt et une heures trente quatre minutes
21:35,Vingt et une heures trente cinq,Vingt et une heures trente cinq minutes,Vingt deux heures moins vingt-cinq
21:36,Vingt et une heures trente six,Vingt et une heures trente six minutes
21:37,Vingt et une heures trente sept,Vingt et une heures trente sept minutes
21:38,Vingt et une heures trente huit,Vingt et une heures trente huit minutes
21:39,Vingt et une heures trente neuf,Vingt et une heures trente neuf minutes
21:40,Vingt et une heures quarante ,Vingt et une heures quarante minutes,Vingt deux heures moins vingt
21:41,Vingt et une heures quarante et une,Vingt et une heures quarante et une minutes
21:42,Vingt et une heures quarante deux,Vingt et une heures quarante deux minutes
21:43,Vingt et une heures quarante trois,Vingt et une heures quarante trois minutes
21:44,Vingt et une heures quarante quatre,Vingt et une heures quarante quatre minutes
21:45,Vingt et une heures quarante cinq,Vingt et une heures quarante cinq minutes,Vingt deux heures moins le quart
21:46,Vingt et une heures quarante six,Vingt et une heures quarante six minutes
21:47,Vingt et une heures quarante sept,Vingt et une heures quarante sept minutes
21:48,Vingt et une heures quarante huit,Vingt et une heures quarante huit minutes
21:49,Vingt et une heures quarante neuf,Vingt et une heures quarante neuf minutes
21:50,Vingt et une heures cinquante ,Vingt et une heures cinquante minutes,Vingt deux heures moins dix
21:51,Vingt et une heures cinquante et une,Vingt et une heures cinquante et une minutes,Vingt deux heures moins neuf
21:52,Vingt et une heures cinquante deux,Vingt et une heures cinquante deux minutes,Vingt deux heures moins huit
21:53,Vingt et une heures cinquante trois,Vingt et une heures cinquante trois minutes,Vingt deux heures moins sept
21:54,Vingt et une heures cinquante quatre,Vingt et une heures cinquante quatre minutes,Vingt deux heures moins six
21:55,Vingt et une heures cinquante cinq,Vingt et une heures cinquante cinq minutes,Vingt deux heures moins cinq
21:56,Vingt et une heures cinquante six,Vingt et une heures cinquante six minutes,Vingt deux heures moins quatre
21:57,Vingt et une heures cinquante sept,Vingt et une heures cinquante sept minutes,Vingt deux heures moins trois
21:58,Vingt et une heures cinquante huit,Vingt et une heures cinquante huit minutes,Vingt deux heures moins deux
21:59,Vingt et une heures cinquante neuf,Vingt et une heures cinquante neuf minutes,Vingt deux heures moins une
22:00,Vingt deux heures  ,Vingt deux heures,Vingt deux heures pile,Dix heures du soir
22:01,Vingt deux heures une ,Vingt deux heures une minute
22:02,Vingt deux heures deux ,Vingt deux heures deux minutes
22:03,Vingt deux heures trois ,Vingt deux heures trois minutes
22:04,Vingt deux heures quatre ,Vingt deux heures quatre minutes
22:05,Vingt deux heures cinq ,Vingt deux heures cinq minutes
22:06,Vingt deux heures six ,Vingt deux heures six minutes
22:07,Vingt deux heures sept ,Vingt deux heures sept minutes
22:08,Vingt deux heures huit ,Vingt deux heures huit minutes
22:09,Vingt deux heures neuf ,Vingt deux heures neuf minutes
22:10,Vingt deux heures dix ,Vingt deux heures dix minutes
22:11,Vingt deux heures onze ,Vingt deux heures onze minutes
22:12,Vingt deux heures douze ,Vingt deux heures douze minutes
22:13,Vingt deux heures treize ,Vingt deux heures treize minutes
22:14,Vingt deux heures quatorze ,Vingt deux heures quatorze minutes
22:15,Vingt deux heures quinze ,Vingt deux heures quinze minutes,Vingt deux heures et quart
22:16,Vingt deux heures seize ,Vingt deux heures seize minutes
22:17,Vingt deux heures dix-sept ,Vingt deux heures dix-sept minutes
22:18,Vingt deux heures dix-huit ,Vingt deux heures dix-huit minutes
22:19,Vingt deux heures dix-neuf ,Vingt deux heures dix-neuf minutes
22:20,Vingt deux heures vingt ,Vingt deux heures vingt minutes
22:21,Vingt deux heures vingt et une,Vingt deux heures vingt et une minutes
22:22,Vingt deux heures vingt deux,Vingt deux heures vingt deux minutes
22:23,Vingt deux heures vingt trois,Vingt deux heures vingt trois minutes
22:24,Vingt deux heures vingt quatre,Vingt deux heures vingt quatre minutes
22:25,Vingt deux heures vingt cinq,Vingt deux heures vingt cinq minutes
22:26,Vingt deux heures vingt six,Vingt deux heures vingt six minutes
22:27,Vingt deux heures vingt sept,Vingt deux heures vingt sept minutes
22:28,Vingt deux heures vingt huit,Vingt deux heures vingt huit minutes
22:29,Vingt deux heures vingt neuf,Vingt deux heures vingt neuf minutes
22:30,Vingt deux heures trente ,Vingt deux heures trente minutes,Vingt deux heures et demie
22:31,Vingt deux heures trente et une,Vingt deux heures trente et une minutes
22:32,Vingt deux heures trente deux,Vingt deux heures trente deux minutes
22:33,Vingt deux heures trente trois,Vingt deux heures trente trois minutes
22:34,Vingt deux heures trente quatre,Vingt deux heures trente quatre minutes
22:35,Vingt deux heures trente cinq,Vingt deux heures trente cinq minutes,Vingt trois heures moins vingt-cinq
22:36,Vingt deux heures trente six,Vingt deux heures trente six minutes
22:37,Vingt deux heures trente sept,Vingt deux heures trente sept minutes
22:38,Vingt deux heures trente huit,Vingt deux heures trente huit minutes
22:39,Vingt deux heures trente neuf,Vingt deux heures trente neuf minutes
22:40,Vingt deux heures quarante ,Vingt deux heures quarante minutes,Vingt trois heures moins vingt
22:41,Vingt deux heures quarante et une,Vingt deux heures quarante et une minutes
22:42,Vingt deux heures quarante deux,Vingt deux heures quarante deux minutes
22:43,Vingt deux heures quarante trois,Vingt deux heures quarante trois minutes
22:44,Vingt deux heures quarante quatre,Vingt deux heures quarante quatre minutes
22:45,Vingt deux heures quarante cinq,Vingt deux heures quarante cinq minutes,Vingt trois heures moins le quart
22:46,Vingt deux heures quarante six,Vingt deux heures quarante six minutes
22:47,Vingt deux heures quarante sept,Vingt deux heures quarante sept minutes
22:48,Vingt deux heures quarante huit,Vingt deux heures quarante huit minutes
22:49,Vingt deux heures quarante neuf,Vingt deux heures quarante neuf minutes
22:50,Vingt deux heures cinquante ,Vingt deux heures cinquante minutes,Vingt trois heures moins dix
22:51,Vingt deux heures cinquante et une,Vingt deux heures cinquante et une minutes,Vingt trois heures moins neuf
22:52,Vingt deux heures cinquante deux,Vingt deux heures cinquante deux minutes,Vingt trois heures moins huit
22:53,Vingt deux heures cinquante trois,Vingt deux heures cinquante trois minutes,Vingt trois heures moins sept
22:54,Vingt deux heures cinquante quatre,Vingt deux heures cinquante quatre minutes,Vingt trois heures moins six
22:55,Vingt deux heures cinquante cinq,Vingt deux heures cinquante cinq minutes,Vingt trois heures moins cinq
22:56,Vingt deux heures cinquante six,Vingt deux heures cinquante six minutes,Vingt trois heures moins quatre
22:57,Vingt deux heures cinquante sept,Vingt deux heures cinquante sept minutes,Vingt trois heures moins trois
22:58,Vingt deux heures cinquante huit,Vingt deux heures cinquante huit minutes,Vingt trois heures moins deux
22:59,Vingt deux heures cinquante neuf,Vingt deux heures cinquante neuf minutes,Vingt trois heures moins une
23:00,Vingt trois heures  ,Vingt trois heures,Vingt trois heures pile,Onze heures du soir
23:01,Vingt trois heures une ,Vingt trois heures une minute
23:02,Vingt trois heures deux ,Vingt trois heures deux minutes
23:03,Vingt trois heures trois ,Vingt trois heures trois minutes
23:04,Vingt trois heures quatre ,Vingt trois heures quatre minutes
23:05,Vingt trois heures cinq ,Vingt trois heures cinq minutes
23:06,Vingt trois heures six ,Vingt trois heures six minutes
23:07,Vingt trois heures sept ,Vingt trois heures sept minutes
23:08,Vingt trois heures huit ,Vingt trois heures huit minutes
23:09,Vingt trois heures neuf ,Vingt trois heures neuf minutes
23:10,Vingt trois heures dix ,Vingt trois heures dix minutes
23:11,Vingt trois heures onze ,Vingt trois heures onze minutes
23:12,Vingt trois heures douze ,Vingt trois heures douze minutes
23:13,Vingt trois heures treize ,Vingt trois heures treize minutes
23:14,Vingt trois heures quatorze ,Vingt trois heures quatorze minutes
23:15,Vingt trois heures quinze ,Vingt trois heures quinze minutes,Vingt trois heures et quart
23:16,Vingt trois heures seize ,Vingt trois heures seize minutes
23:17,Vingt trois heures dix-sept ,Vingt trois heures dix-sept minutes
23:18,Vingt trois heures dix-huit ,Vingt trois heures dix-huit minutes
23:19,Vingt trois heures dix-neuf ,Vingt trois heures dix-neuf minutes
23:20,Vingt trois heures vingt ,Vingt trois heures vingt minutes
23:21,Vingt trois heures vingt et une,Vingt trois heures vingt et une minutes
23:22,Vingt trois heures vingt deux,Vingt trois heures vingt deux minutes
23:23,Vingt trois heures vingt trois,Vingt trois heures vingt trois minutes
23:24,Vingt trois heures vingt quatre,Vingt trois heures vingt quatre minutes
23:25,Vingt trois heures vingt cinq,Vingt trois heures vingt cinq minutes
23:26,Vingt trois heures vingt six,Vingt trois heures vingt six minutes
23:27,Vingt trois heures vingt sept,Vingt trois heures vingt sept minutes
23:28,Vingt trois heures vingt huit,Vingt trois heures vingt huit minutes
23:29,Vingt trois heures vingt neuf,Vingt trois heures vingt neuf minutes
23:30,Vingt trois heures trente ,Vingt trois heures trente minutes,Vingt trois heures et demie
23:31,Vingt trois heures trente et une,Vingt trois heures trente et une minutes
23:32,Vingt trois heures trente deux,Vingt trois heures trente deux minutes
23:33,Vingt trois heures trente trois,Vingt trois heures trente trois minutes
23:34,Vingt trois heures trente quatre,Vingt trois heures trente quatre minutes
23:35,Vingt trois heures trente cinq,Vingt trois heures trente cinq minutes,Minuit moins vingt-cinq
23:36,Vingt trois heures trente six,Vingt trois heures trente six minutes
23:37,Vingt trois heures trente sept,Vingt trois heures trente sept minutes
23:38,Vingt trois heures trente huit,Vingt trois heures trente huit minutes
23:39,Vingt trois heures trente neuf,Vingt trois heures trente neuf minutes
23:40,Vingt trois heures quarante ,Vingt trois heures quarante minutes,Minuit moins vingt
23:41,Vingt trois heures quarante et une,Vingt trois heures quarante et une minutes
23:42,Vingt trois heures quarante deux,Vingt trois heures quarante deux minutes
23:43,Vingt trois heures quarante trois,Vingt trois heures quarante trois minutes
23:44,Vingt trois heures quarante quatre,Vingt trois heures quarante quatre minutes
23:45,Vingt trois heures quarante cinq,Vingt trois heures quarante cinq minutes,Minuit moins le quart
23:46,Vingt trois heures quarante six,Vingt trois heures quarante six minutes
23:47,Vingt trois heures quarante sept,Vingt trois heures quarante sept minutes
23:48,Vingt trois heures quarante huit,Vingt trois heures quarante huit minutes
23:49,Vingt trois heures quarante neuf,Vingt trois heures quarante neuf minutes
23:50,Vingt trois heures cinquante ,Vingt trois heures cinquante minutes,Minuit moins dix
23:51,Vingt trois heures cinquante et une,Vingt trois heures cinquante et une minutes,Minuit moins neuf
23:52,Vingt trois heures cinquante deux,Vingt trois heures cinquante deux minutes,Minuit moins huit
23:53,Vingt trois heures cinquante trois,Vingt trois heures cinquante trois minutes,Minuit moins sept
23:54,Vingt trois heures cinquante quatre,Vingt trois heures cinquante quatre minutes,Minuit moins six
23:55,Vingt trois heures cinquante cinq,Vingt trois heures cinquante cinq minutes,Minuit moins cinq
23:56,Vingt trois heures cinquante six,Vingt trois heures cinquante six minutes,Minuit moins quatre
23:57,Vingt trois heures cinquante sept,Vingt trois heures cinquante sept minutes,Minuit moins trois
23:58,Vingt trois heures cinquante huit,Vingt trois heures cinquante huit minutes,Minuit moins deux
23:59,Vingt trois heures cinquante neuf,Vingt trois heures cinquante neuf minutes,Minuit moins une
